а	conj	20593.3
а	intj	70.6
аа	intj	11.3
а-а	intj	515.3
ааа	intj	20.2
а-а-а	intj	157.5
абзац	s	10.1
абонемент	s	11.3
абсолютно	adv	201.6
авария	s	18.9
август	s	39.1
автобус	s	109.6
автомат	s	32.8
автомобиль	s	10.1
автоответчик	s	10.1
автор	s	30.2
ага	intj	975.2
ага	part	65.5
агент	s	20.2
агентство	s	13.9
адвокат	s	26.5
адекватный	a	13.9
администратор	s	18.9
адрес	s	71.8
аж	part	50.4
ай	intj	29.0
айда	intj	16.4
академия	s	41.6
аккорд	s	21.4
аккумулятор	s	12.6
аккуратно	adv	23.9
акт	s	15.1
актер	s	80.6
актерский	a	10.1
активный	a	16.4
актриса	s	32.8
актуальный	a	11.3
алкоголь	s	21.4
алло	intj	147.4
альбом	s	27.7
американец	s	22.7
американский	a	26.5
анализ	s	41.6
ангел	s	11.3
английский	a	181.4
англичанин	s	10.1
анекдот	s	93.2
анчоус	s	10.1
апельсин	s	13.9
апостол	s	15.1
аппарат	s	15.1
аппетит	s	16.4
апрель	s	56.7
аптека	s	32.8
аренда	s	26.5
арестовать	v	15.1
арка	s	11.3
армия	s	46.6
армянский	a	11.3
артист	s	23.9
архитектор	s	11.3
архитектура	s	11.3
аспирантура	s	17.6
аспирин	s	11.3
ассортимент	s	16.4
ассоциироваться	v	10.1
аська	s	34.0
аудитория	s	39.1
ах	intj	109.6
аэропорт	s	18.9
б	part	278.4
баба	s	92.0
бабка	s	149.9
бабочка	s	11.3
бабулька	s	10.1
бабуля	s	42.8
бабушка	s	337.7
бабушкин	a	12.6
база	s	40.3
базар	s	47.9
бакс	s	22.7
балалайка	s	10.1
балет	s	29.0
балкон	s	58.0
баллон	s	10.1
банан	s	29.0
бандероль	s	11.3
бандит	s	18.9
банк	s	74.3
банка	s	66.8
баночка	s	26.5
баня	s	66.8
бар	s	26.5
барабан	s	11.3
барахло	s	11.3
бас	s	15.1
бассейн	s	71.8
батарейка	s	36.5
батарея	s	16.4
батон	s	40.3
батончик	s	17.6
бац	intj	11.3
башка	s	31.5
башня	s	15.1
баян	s	12.6
бегать	v	149.9
бегом	adv	16.4
беда	s	22.7
бедненький	a	13.9
бедный	a	98.3
бедняга	s	10.1
бедро	s	15.1
бежать	v	127.3
без	pr	788.7
безобразие	s	12.6
безопасность	s	18.9
безумно	adv	27.7
безумный	a	11.3
безусловно	adv	22.7
беленький	a	27.7
белка	s	12.6
белорусский	a	18.9
белый	a	302.4
белье	s	21.4
бензин	s	13.9
берег	s	25.2
беременный	a	18.9
беречь	v	12.6
беседа	s	31.5
бесить	v	31.5
беситься	v	11.3
бесплатно	adv	54.2
бесплатный	a	41.6
беспокоить	v	25.2
беспокоиться	v	17.6
бесполезно	adv	11.3
бешеный	a	18.9
библиотека	s	75.6
бизнес	s	49.1
билет	s	218.0
биологический	a	10.1
биология	s	23.9
бить	v	52.9
биться	v	13.9
бишь	part	12.6
благо	s	16.4
благодарность	s	12.6
благодарный	a	10.1
благодаря	pr	12.6
благополучный	a	10.1
благородный	a	10.1
бланк	s	10.1
блат	s	15.1
бледный	a	10.1
блеск	s	12.6
блестеть	v	20.2
блестящий	a	16.4
ближайший	a	20.2
близкий	a	129.8
близко	adv	52.9
блин	intj	323.8
блин	part	17.6
блин	s	229.3
блок	s	80.6
блокнот	s	16.4
блондинка	s	12.6
блюдо	s	18.9
..ля	intj	92.0
..ля	part	25.2
..лядь	intj	17.6
..лядь	s	69.3
бобер	s	10.1
бог	s	366.6
богатый	a	37.8
бодрый	a	11.3
боевой	a	21.4
боже	intj	10.1
божий	a	11.3
бой	s	18.9
бок	s	49.1
бокал	s	22.7
боковой	a	10.1
болванка	s	17.6
более	adv	254.5
более-менее	adv	13.9
болезнь	s	36.5
болеть	v	244.4
болото	s	13.9
болтать	v	41.6
болтаться	v	23.9
боль	s	45.4
больная	s	11.3
больница	s	105.8
больничный	a	16.4
больно	adv	85.7
больной	a	45.4
больной	s	17.6
больше	adv	597.2
больше	num	244.4
большевик	s	11.3
больший	a	56.7
большинство	s	10.1
большой	a	863.0
бомба	s	17.6
борода	s	16.4
борщ	s	50.4
борьба	s	18.9
босиком	adv	10.1
босоножка	s	15.1
ботинок	s	35.3
боулинг	s	34.0
бочка	s	41.6
бояться	v	292.3
брак	s	15.1
браслет	s	17.6
брат	s	229.3
брать	v	728.2
браться	v	25.2
бревно	s	15.1
бред	s	54.2
бригада	s	10.1
бровь	s	12.6
бродить	v	15.1
бросать	v	37.8
бросить	v	136.1
брюки	s	42.8
будильник	s	16.4
будить	v	21.4
будка	s	10.1
будто	part	165.1
будущее	s	27.7
будущий	a	29.0
буква	s	41.6
буквально	adv	81.9
букет	s	20.2
булка	s	25.2
булочка	s	23.9
бульвар	s	16.4
бульон	s	10.1
бумага	s	61.7
бумажка	s	83.2
бурный	a	10.1
бутерброд	s	23.9
бутылка	s	139.9
бутылочка	s	17.6
буфет	s	16.4
буханка	s	11.3
бухать	v	13.9
бухгалтер	s	18.9
бухгалтерия	s	10.1
бы	part	2790.7
бывало	adv	25.2
бывать	v	491.4
бывший	a	44.1
бык	s	16.4
быстренько	adv	37.8
быстро	adv	181.4
быстрый	a	119.7
быть	v	17328.9
в	pr	19300.7
вагон	s	32.8
важно	adv	20.2
важный	a	112.1
ваза	s	16.4
вал	s	10.1
валенок	s	29.0
валять	v	12.6
валяться	v	60.5
вампир	s	13.9
ванна	s	46.6
ванная	s	34.0
варенье	s	50.4
вариант	s	68.0
варить	v	88.2
васильевский	a	12.6
вата	s	20.2
вау	intj	13.9
ваш	apro	356.6
вверх	adv	16.4
ввести	v	11.3
вводить	v	10.1
вдвоем	adv	61.7
вдоль	pr	18.9
вдох	s	13.9
вдруг	adv	210.4
ведро	s	59.2
ведь	conj	163.8
ведь	part	745.9
везде	advpro	178.9
везти	v	95.8
век	s	66.8
велеть	v	12.6
великий	a	44.1
великолепно	adv	15.1
великолепный	a	40.3
велосипед	s	63.0
вена	s	16.4
веник	s	12.6
вера	s	92.0
верить	v	112.1
вернее	adv	39.1
верно	adv	30.2
вернуть	v	36.5
вернуться	v	157.5
верный	a	76.9
вероятно	adv	20.2
версия	s	12.6
вертеться	v	18.9
верх	s	23.9
верхний	a	35.3
вес	s	18.9
веселиться	v	10.1
весело	adv	60.5
веселый	a	39.1
весить	v	11.3
весна	s	71.8
вести	v	165.1
весь	apro	3260.7
ветвь	s	13.9
ветер	s	35.3
ветеран	s	11.3
ветка	s	10.1
вечер	s	432.2
вечеринка	s	21.4
вечерний	a	36.5
вечерок	s	11.3
вечно	adv	40.3
вечный	a	12.6
вешать	v	39.1
вещь	s	338.9
взгляд	s	55.4
вздох	s	11.3
вздыхать	v	15.1
взнос	s	11.3
взрослый	a	64.3
взрослый	s	29.0
взять	v	1058.3
взяться	v	30.2
вид	s	299.9
видать	adv	11.3
видать	v	30.2
видео	s	11.3
видеть	v	1350.6
видеться	v	34.0
видимо	adv	162.5
видно	adv	233.1
видный	a	15.1
виза	s	21.4
вилка	s	40.3
вина	s	15.1
вино	s	74.3
виноватый	a	34.0
виноград	s	11.3
вирус	s	17.6
висеть	v	99.5
витамин	s	11.3
витрина	s	17.6
вишня	s	22.7
вкладывать	v	11.3
включать	v	64.3
включить	v	92.0
вкус	s	50.4
вкусненький	a	10.1
вкусно	adv	37.8
вкусный	a	139.9
владеть	v	12.6
власть	s	25.2
влезть	v	27.7
влияние	s	13.9
влиять	v	15.1
влюбиться	v	32.8
влюбленный	a	10.1
вместе	adv	321.3
вместо	pr	85.7
вначале	adv	39.1
вне	pr	15.1
внешне	adv	18.9
внешний	a	18.9
внешность	s	12.6
вниз	adv	59.2
внизу	adv	42.8
внимание	s	113.4
внимательно	adv	26.5
внимательный	a	10.1
вносить	v	10.1
внук	s	40.3
внутренний	a	30.2
внутри	adv	68.0
внутри	pr	10.1
внучка	s	27.7
во	pr	704.3
вобла	s	10.1
вовремя	adv	15.1
вовсе	adv	15.1
во-вторых	adv	59.2
вода	s	299.9
водитель	s	39.1
водить	v	51.7
водичка	s	29.0
водка	s	69.3
водолазка	s	11.3
воевать	v	11.3
военный	a	44.1
военный	s	23.9
возвращать	v	10.1
возвращаться	v	92.0
воздух	s	45.4
возить	v	61.7
возиться	v	21.4
возле	pr	26.5
возможно	adv	42.8
возможность	s	65.5
возможный	a	39.1
возмущаться	v	10.1
возникать	v	25.2
возникнуть	v	15.1
возражать	v	11.3
возраст	s	109.6
война	s	152.5
войти	v	47.9
вокзал	s	84.4
вокруг	adv	22.7
вокруг	pr	22.7
волк	s	47.9
волна	s	37.8
волновать	v	12.6
волноваться	v	60.5
волос	s	113.4
воля	s	18.9
вон	advpro	68.0
вон	part	464.9
вонять	v	13.9
вообще	adv	2989.8
вообще-то	adv	17.6
вообще-то	part	137.3
во-первых	adv	163.8
вопрос	s	344.0
воровать	v	18.9
ворот	s	11.3
ворота	s	21.4
воротник	s	18.9
ворчать	v	12.6
восемнадцатый	anum	22.7
восемнадцать	num	79.4
восемь	num	238.1
восемьдесят	num	70.6
восемьсот	num	34.0
воскресенье	s	148.7
воспитание	s	18.9
воспитать	v	15.1
воспоминание	s	31.5
воспринимать	v	15.1
восстановить	v	17.6
восток	s	13.9
восторг	s	27.7
восточный	a	15.1
восьмая	s	11.3
восьмой	anum	108.4
вот	part	15698.6
вот-вот	adv	18.9
впаривать	v	13.9
впервые	adv	12.6
вперед	adv	50.4
впереди	adv	39.1
впечатление	s	74.3
вполне	adv	60.5
впотьмах	adv	15.1
враг	s	15.1
врать	v	35.3
врач	s	173.9
вредный	a	46.6
время	s	1310.3
вроде	adv	34.0
вроде	part	491.4
вроде	pr	63.0
вряд	adv	54.2
все	advpro	801.3
все	part	46.6
все	spro	5667.1
все-все	adv	10.1
всегда	advpro	764.8
всего	part	100.8
все-таки	conj	80.6
все-таки	part	512.8
вскочить	v	10.1
вспоминать	v	75.6
вспоминаться	v	10.1
вспомнить	v	151.2
вставать	v	155.0
вставить	v	26.5
вставлять	v	37.8
встать	v	175.1
встретить	v	92.0
встретиться	v	143.6
встреча	s	93.2
встречать	v	69.3
встречаться	v	128.5
вступить	v	11.3
всюду	advpro	12.6
всякий	apro	543.0
всяко	advpro	11.3
вторник	s	99.5
второе	s	12.6
второй	anum	680.4
втроем	adv	16.4
вуз	s	31.5
вход	s	51.7
входить	v	160.0
вчера	adv	667.8
вчерашний	a	25.2
въехать	v	13.9
вы	spro	5303.0
выбивать	v	11.3
выбирать	v	97.0
выбор	s	36.5
выборгский	a	10.1
выбрасывать	v	35.3
выбрать	v	83.2
выбраться	v	17.6
выбросить	v	36.5
вывести	v	18.9
вывод	s	34.0
выводить	v	21.4
выглядеть	v	81.9
выгнать	v	35.3
выгодный	a	20.2
выгонять	v	10.1
выдавать	v	26.5
выдать	v	31.5
выдвигать	v	15.1
выдвинуть	v	12.6
выделять	v	10.1
выделяться	v	11.3
выдержать	v	16.4
выезд	s	12.6
выезжать	v	35.3
выехать	v	15.1
выжить	v	10.1
вызвать	v	41.6
вызов	s	16.4
вызывать	v	41.6
выиграть	v	51.7
выигрывать	v	12.6
выйти	v	527.9
выкидывать	v	10.1
выкинуть	v	70.6
выкладывать	v	22.7
выключать	v	37.8
выключить	v	61.7
выкупить	v	10.1
вылазить	v	10.1
вылезать	v	29.0
вылезти	v	25.2
вылететь	v	16.4
вылечить	v	11.3
вылить	v	15.1
выложить	v	11.3
вымыть	v	40.3
вынести	v	37.8
вынимать	v	11.3
вынуть	v	18.9
выпасть	v	11.3
выпивать	v	12.6
выписать	v	52.9
выписывать	v	21.4
выпить	v	124.7
выплатить	v	12.6
выплевывать	v	10.1
выполнить	v	11.3
выполнять	v	26.5
выпускать	v	18.9
выпускной	a	20.2
выпускной	s	15.1
выпустить	v	22.7
выражаться	v	10.1
выражение	s	29.0
вырасти	v	56.7
вырвать	v	11.3
вырезать	v	31.5
выскакивать	v	10.1
выслать	v	26.5
выслушивать	v	187.7
высокий	a	186.5
высоко	adv	17.6
высота	s	34.0
высохнуть	v	11.3
выспаться	v	12.6
выставить	v	11.3
выставка	s	41.6
выступать	v	83.2
выступить	v	16.4
выступление	s	13.9
высший	a	47.9
вытаскивать	v	23.9
вытащить	v	51.7
вытереть	v	11.3
вытянуть	v	23.9
выучить	v	55.4
выход	s	40.3
выходить	v	296.1
выходной	a	16.4
выходной	s	127.3
выяснить	v	47.9
выясниться	v	20.2
выяснять	v	11.3
вязаный	a	10.1
вязать	v	21.4
гад	s	21.4
гадость	s	32.8
газ	s	56.7
газета	s	99.5
газетка	s	10.1
газовый	a	21.4
галоша	s	11.3
галстук	s	12.6
галька	s	22.7
гараж	s	45.4
гарантия	s	23.9
где	advpro	1663.1
где-нибудь	advpro	80.6
где-то	advpro	498.9
геморрой	s	12.6
генерал	s	11.3
генеральный	a	13.9
гениальный	a	15.1
гений	s	17.6
география	s	13.9
герменевтика	s	18.9
героиня	s	12.6
герой	s	68.0
гильдия	s	20.2
гимназия	s	25.2
гимнастика	s	11.3
гитара	s	36.5
глава	s	16.4
главное	adv	117.2
главное	s	108.4
главный	a	122.2
гладить	v	22.7
глаз	s	235.6
глазок	s	13.9
глобализация	s	17.6
глотать	v	11.3
глубина	s	13.9
глубокий	a	20.2
глубоко	adv	10.1
глупость	s	23.9
глупый	a	45.4
глухой	a	11.3
глючить	v	10.1
глядеть	v	63.0
глянуть	v	27.7
гнать	v	30.2
гнить	v	15.1
говно	s	29.0
говорить	v	6275.7
говориться	v	63.0
говорят	adv	74.3
год	s	1954.1
годиться	v	32.8
гол	s	13.9
голливудский	a	10.1
голова	s	330.1
голод	s	22.7
голодный	a	40.3
голос	s	134.8
голосовать	v	13.9
голубой	a	73.1
голый	a	32.8
гонять	v	39.1
гора	s	68.0
гораздо	adv	51.7
гордый	a	10.1
горе	s	20.2
гореть	v	52.9
горло	s	45.4
горный	a	12.6
город	s	304.9
городок	s	22.7
городской	a	36.5
горох	s	15.1
горошек	s	10.1
горшок	s	22.7
горький	a	11.3
горьковский	a	20.2
горячий	a	93.2
госпиталь	s	10.1
господи	intj	190.3
господин	s	21.4
господь	s	13.9
гостиница	s	68.0
гость	s	148.7
государственный	a	34.0
государство	s	23.9
гот	s	13.9
готовить	v	119.7
готовиться	v	50.4
готовый	a	182.7
градус	s	45.4
гражданский	a	10.1
грамм	s	30.2
граница	s	42.8
граф	s	16.4
график	s	12.6
греть	v	16.4
грех	s	12.6
греческий	a	10.1
гречка	s	18.9
грешный	a	10.1
гриб	s	115.9
гриль	s	11.3
гроб	s	10.1
грозный	a	10.1
громадный	a	13.9
громкий	a	25.2
громко	adv	30.2
громкость	s	10.1
грохот	s	10.1
грош	s	13.9
грубо	adv	27.7
грудь	s	17.6
грузин	s	25.2
грузить	v	17.6
грузиться	v	18.9
грузовой	a	10.1
группа	s	194.0
грустный	a	21.4
груша	s	16.4
грызть	v	12.6
грядка	s	18.9
грязный	a	50.4
грязь	s	29.0
губа	s	21.4
губерния	s	10.1
гудрон	s	21.4
гульден	s	11.3
гулять	v	219.2
гусь	s	11.3
да	conj	3445.9
да	part	11847.0
да-а	part	45.4
давай	part	1179.3
давайте	part	282.2
давать	v	725.7
даваться	v	22.7
давить	v	21.4
давление	s	21.4
давно	adv	328.8
давным-давно	adv	11.3
да-да	part	128.5
да-да-да	intj	129.8
да-да-да	part	64.3
даже	conj	45.4
даже	part	1528.3
дай-ка	adv	16.4
далее	adv	142.4
далекий	a	302.4
далеко	adv	152.5
даль	s	12.6
дальний	a	21.4
дама	s	41.6
данные	s	20.2
данный	apro	22.7
дарить	v	52.9
дата	s	23.9
дать	v	1048.3
дача	s	196.6
дачный	a	15.1
два	num	1942.8
двадцатый	anum	16.4
двадцать	num	682.9
двенадцатый	anum	27.7
двенадцать	num	165.1
дверь	s	210.4
двести	num	131.0
двигатель	s	12.6
двигаться	v	41.6
движение	s	58.0
двое	num	84.4
двойка	s	29.0
двойной	a	23.9
двор	s	134.8
дворец	s	27.7
дворник	s	17.6
двоюродный	a	39.1
двухкомнатный	a	17.6
двухлетний	a	17.6
двухместный	a	12.6
двухэтажный	a	15.1
де	part	26.5
дебил	s	11.3
дева	s	18.9
девать	v	13.9
деваться	v	13.9
девица	s	15.1
девичий	a	10.1
девка	s	59.2
девочка	s	318.8
девушка	s	393.1
девчонка	s	219.2
девяносто	num	104.6
девятка	s	18.9
девятнадцатый	anum	35.3
девятнадцать	num	32.8
девятый	anum	84.4
девять	num	190.3
девятьсот	num	20.2
дед	s	108.4
дедушка	s	129.8
дежурить	v	27.7
дежурный	s	20.2
действие	s	32.8
действительно	adv	245.7
действовать	v	73.1
декабрь	s	26.5
декан	s	15.1
деканат	s	20.2
делать	v	1761.4
делаться	v	63.0
делить	v	11.3
дело	s	1277.6
деловой	a	27.7
день	s	1355.0
деньги	s	762.3
депрессия	s	11.3
дергать	v	21.4
дергаться	v	13.9
деревенский	a	26.5
деревня	s	146.2
дерево	s	58.0
деревянный	a	34.0
держать	v	211.7
держаться	v	45.4
дернуть	v	12.6
дерьмо	s	20.2
десятка	s	13.9
десяток	s	15.1
десятый	anum	90.7
десять	num	336.4
деталь	s	25.2
детка	s	13.9
детский	a	168.8
детство	s	93.2
деться	v	61.7
дешево	adv	12.6
дешевый	a	98.3
деятельность	s	15.1
джинсы	s	31.5
диагноз	s	10.1
диалект	s	13.9
диалог	s	37.8
диван	s	73.1
диета	s	18.9
дикий	a	25.2
дико	adv	13.9
диктовать	v	27.7
диктофон	s	51.7
диплом	s	47.9
дипломный	a	17.6
директор	s	80.6
дирижер	s	13.9
диск	s	157.5
дискета	s	11.3
дискотека	s	13.9
диссертация	s	41.6
длина	s	22.7
длинный	a	98.3
для	pr	1096.1
дневник	s	20.2
дневной	a	34.0
дно	s	18.9
до	pr	1606.4
добавить	v	49.1
добавлять	v	25.2
добираться	v	18.9
добиться	v	16.4
добраться	v	21.4
добро	s	17.6
добрый	a	165.1
довезти	v	15.1
доверенность	s	18.9
доверять	v	16.4
довести	v	17.6
доводить	v	16.4
довольно	adv	71.8
довольный	a	49.1
догадаться	v	18.9
догадываться	v	15.1
догнать	v	13.9
договариваться	v	37.8
договор	s	44.1
договорить	v	10.1
договориться	v	137.3
доедать	v	10.1
доесть	v	18.9
доехать	v	64.3
дождаться	v	36.5
дождик	s	10.1
дождь	s	58.0
дожить	v	22.7
доить	v	13.9
дойти	v	138.6
доказательство	s	13.9
доказать	v	32.8
доказывать	v	12.6
доклад	s	46.6
доктор	s	46.6
докторский	a	22.7
документ	s	133.6
долг	s	49.1
долгий	a	50.4
долго	adv	265.8
должен	a	709.3
должно	adv	50.4
должность	s	26.5
доллар	s	90.7
дом	s	839.1
дома	adv	418.3
домашний	a	51.7
домик	s	49.1
домой	adv	337.7
допить	v	12.6
дополнительный	a	15.1
допустить	v	143.6
дорога	s	230.6
дорого	adv	17.6
дорогой	a	248.2
дорожка	s	30.2
дорожный	a	15.1
доска	s	65.5
досмотреть	v	10.1
доставать	v	59.2
доставка	s	13.9
достаточно	adv	84.6
достать	v	151.2
достаться	v	22.7
достигнуть	v	10.1
доход	s	15.1
доходить	v	23.9
дочитать	v	15.1
дочка	s	100.8
дочь	s	181.4
драка	s	13.9
дракон	s	11.3
драматический	a	16.4
драть	v	13.9
драться	v	20.2
древний	a	15.1
дрова	s	46.6
друг	s	481.3
другой	apro	1087.3
дружба	s	20.2
дружить	v	29.0
дружный	a	10.1
дрянь	s	16.4
дуб	s	11.3
дума	s	22.7
думать	v	1771.4
дура	s	76.9
дурак	s	90.7
дурацкий	a	32.8
дурачок	s	10.1
дурдом	s	18.9
дурочка	s	15.1
дурь	s	11.3
дуть	v	22.7
дух	s	51.7
духи	s	15.1
духовка	s	16.4
духовный	a	13.9
душ	s	18.9
душа	s	95.8
душевный	a	12.6
душно	adv	10.1
дырка	s	34.0
дырочка	s	32.8
дыхание	s	13.9
дышать	v	35.3
дэ	s	13.9
дядька	s	17.6
дядя	s	118.4
..бать	v	18.9
еврей	s	11.3
еврейка	s	10.1
еврейский	a	11.3
евро	s	11.3
его	apro	522.9
еда	s	65.5
единственный	a	118.4
ее	apro	653.9
ежик	s	12.6
ездить	v	424.6
езжать	v	12.6
еле	adv	34.0
елка	s	26.5
е-мое	intj	22.7
ерунда	s	58.0
если	conj	2356.0
естественно	adv	134.8
естественный	a	27.7
есть	v	390.6
ехать	v	577.0
еще	adv	3420.7
еще	part	963.8
ж	part	757.2
жалеть	v	34.0
жалко	adv	181.4
жаловаться	v	46.6
жаль	adv	34.0
жанр	s	10.1
жара	s	32.8
жареный	a	10.1
жарить	v	22.7
жаркий	a	10.1
жарко	adv	75.6
жать	v	10.1
ждать	v	327.6
же	conj	47.9
же	part	4103.6
жевать	v	21.4
желание	s	58.0
желательно	adv	16.4
желать	v	31.5
железный	a	40.3
железо	s	25.2
желтенький	a	12.6
желтый	a	49.1
желудок	s	26.5
жена	s	223.0
женатый	a	29.0
женить	v	11.3
жениться	v	45.4
жених	s	41.6
женский	a	47.9
женщина	s	374.2
жест	s	54.2
жесткий	a	25.2
жесть	s	10.1
жечь	v	17.6
живой	a	102.1
живот	s	49.1
животное	s	49.1
жидкость	s	16.4
жизненный	a	11.3
жизнь	s	572.0
жир	s	29.0
жирный	a	10.1
жить	v	1094.9
жопа	s	40.3
жрать	v	55.4
жук	s	12.6
жулик	s	12.6
журнал	s	58.0
журналистика	s	10.1
журнальный	a	11.3
жуткий	a	35.3
жутко	adv	25.2
жуть	s	22.7
за	pr	2707.6
забавный	a	15.1
забегать	v	21.4
забивать	v	26.5
забирать	v	45.4
забить	v	88.2
заблудиться	v	10.1
заболеть	v	83.2
забор	s	30.2
забрать	v	131.0
забывать	v	40.3
забыть	v	374.2
завалить	v	11.3
завалиться	v	12.6
заваривать	v	16.4
заварить	v	16.4
заведение	s	12.6
завернуть	v	17.6
завести	v	27.7
завестись	v	16.4
завидовать	v	20.2
зависеть	v	73.1
зависимость	s	12.6
завод	s	93.2
заводить	v	25.2
заворачивать	v	12.6
завтра	adv	672.8
завтрак	s	42.8
завтракать	v	11.3
завуч	s	13.9
завязать	v	13.9
завязывать	v	18.9
загадка	s	12.6
заглядывать	v	21.4
заглянуть	v	13.9
загнуться	v	12.6
заговорить	v	26.5
загорать	v	11.3
загореться	v	12.6
заграничный	a	10.1
загс	s	10.1
зад	s	18.9
задавать	v	36.5
задавить	v	13.9
задание	s	58.0
задать	v	22.7
задача	s	27.7
задержать	v	12.6
задержаться	v	20.2
задний	a	39.1
задница	s	21.4
задуматься	v	15.1
задумываться	v	11.3
за..баться	v	11.3
заехать	v	51.7
зажать	v	11.3
зажигалка	s	11.3
зажигать	v	15.1
заинтересовать	v	13.9
зайти	v	236.9
зайчик	s	12.6
заказ	s	49.1
заказать	v	63.0
заказывать	v	35.3
заканчивать	v	25.2
заканчиваться	v	34.0
заключаться	v	15.1
заколебаться	v	10.1
закон	s	50.4
закончить	v	98.3
закончиться	v	70.6
закопать	v	10.1
закричать	v	10.1
закроить	v	11.3
закрывать	v	65.5
закрываться	v	17.6
закрытый	a	35.3
закрыть	v	151.2
закрыться	v	21.4
зал	s	112.1
залезать	v	10.1
залезть	v	27.7
заливать	v	15.1
залить	v	15.1
заложить	v	10.1
зам	s	13.9
заменить	v	21.4
заменять	v	13.9
замерзнуть	v	32.8
заметить	v	85.7
заметно	adv	16.4
замечание	s	13.9
замечательно	adv	47.9
замечательный	a	74.3
замечать	v	36.5
замок	s	29.0
замолчать	v	15.1
замочить	v	12.6
замуж	adv	132.3
замужем	adv	18.9
замучить	v	30.2
занести	v	21.4
занимать	v	35.3
заниматься	v	408.2
заново	adv	20.2
занятие	s	78.1
занятый	a	66.8
занять	v	74.3
заняться	v	45.4
заодно	adv	15.1
заочник	s	12.6
заочно	adv	10.1
заочный	a	13.9
запад	s	17.6
западный	a	18.9
запас	s	13.9
запах	s	59.2
записать	v	212.9
записаться	v	18.9
записка	s	18.9
записывать	v	173.9
записываться	v	10.1
запись	s	83.2
заплакать	v	25.2
заплатить	v	85.7
заполнить	v	32.8
заполнять	v	22.7
запоминать	v	10.1
запомнить	v	60.5
запретить	v	37.8
запрещать	v	20.2
запросто	adv	18.9
запустить	v	21.4
запятая	s	13.9
зарабатывать	v	47.9
заработать	v	45.4
заработок	s	12.6
зараза	s	17.6
заранее	adv	45.4
зарезать	v	10.1
зарплата	s	79.4
зарядка	s	16.4
засада	s	11.3
заседание	s	10.1
заслужить	v	13.9
заснуть	v	25.2
заставить	v	47.9
заставлять	v	36.5
застать	v	15.1
застрять	v	11.3
засунуть	v	13.9
засчитать	v	16.4
засыпать	v	20.2
затем	adv	31.5
зато	conj	177.7
затормозить	v	18.9
захватить	v	17.6
заходить	v	228.0
захотеть	v	95.8
захотеться	v	39.1
зачем	advpro	506.5
зачет	s	59.2
зашибиться	v	16.4
зашить	v	11.3
защита	s	55.4
защитить	v	29.0
защититься	v	10.1
защищать	v	21.4
защищаться	v	11.3
заявка	s	29.0
заявление	s	27.7
заяц	s	34.0
звание	s	16.4
звать	v	216.7
звезда	s	44.1
звездочка	s	16.4
зверь	s	17.6
звон	s	13.9
звонить	v	684.1
звонок	s	105.8
звук	s	70.6
звучать	v	29.0
звякнуть	v	10.1
здание	s	50.4
здесь	advpro	1311.6
здороваться	v	20.2
здорово	adv	112.1
здорово	intj	35.3
здоровый	a	128.5
здоровье	s	85.7
здравствовать	v	192.8
здравствуйте	intj	11.3
зевать	v	11.3
зеленый	a	138.6
зелень	s	23.9
земля	s	70.6
зеркало	s	36.5
зима	s	110.9
зимний	a	37.8
зло	s	16.4
злодей	s	13.9
злой	a	35.3
змея	s	15.1
знак	s	148.7
знакомая	s	22.7
знакомиться	v	15.1
знакомство	s	16.4
знакомый	a	103.3
знакомый	s	110.9
знаменитый	a	42.8
знание	s	41.6
знать	v	6269.4
значение	s	31.5
значит	adv	1110.0
значит	part	17.6
значительно	adv	10.1
значить	v	926.0
значок	s	13.9
золотистый	a	11.3
золотой	a	52.9
зона	s	18.9
зонт	s	13.9
зонтик	s	20.2
зоопарк	s	11.3
зрение	s	37.8
зритель	s	10.1
зря	adv	66.8
зуб	s	52.9
зубной	a	11.3
и	conj	20750.8
игра	s	139.9
играть	v	570.7
игровой	a	10.1
игрушка	s	69.3
идеально	adv	10.1
идеальный	a	15.1
идея	s	71.8
идиот	s	29.0
идти	v	1736.2
из	pr	1707.2
избавиться	v	12.6
избыточный	a	12.6
известно	adv	23.9
известный	a	50.4
извинить	v	151.2
извиниться	v	11.3
извиняться	v	16.4
издавать	v	11.3
издательство	s	18.9
издеваться	v	21.4
из-за	pr	229.3
излучение	s	21.4
изменение	s	10.1
изменить	v	29.0
измениться	v	31.5
изображать	v	51.7
изображение	s	16.4
изобразить	v	17.6
из-под	pr	32.8
изумительный	a	15.1
изучать	v	41.6
изучить	v	17.6
и-и	intj	211.7
икра	s	16.4
или	conj	2203.6
именно	part	303.6
иметь	v	400.7
иметься	v	37.8
имитировать	v	22.7
импортный	a	13.9
имя	s	128.5
иначе	advpro	50.4
иначе	conj	10.1
индеец	s	10.1
индивидуальный	a	15.1
индийский	a	13.9
инет	s	32.8
инженер	s	39.1
инициатива	s	10.1
иногда	adv	225.5
иной	apro	29.0
иностранец	s	12.6
иностранный	a	13.9
инспектор	s	16.4
институт	s	253.2
инструктор	s	11.3
инструкция	s	17.6
инструмент	s	17.6
интеллект	s	16.4
интеллектуальный	a	15.1
интеллигентный	a	15.1
интервью	s	16.4
интерес	s	36.5
интересненький	a	13.9
интересно	adv	318.8
интересный	a	400.7
интересовать	v	42.8
интересоваться	v	27.7
интернат	s	10.1
интернет	s	94.5
интонация	s	23.9
инфаркт	s	25.2
информант	s	11.3
информация	s	64.3
ирония	s	11.3
искать	v	234.3
исключение	s	13.9
искра	s	10.1
искусственный	a	13.9
искусство	s	36.5
испанский	a	26.5
испечь	v	11.3
исполнение	s	13.9
исполниться	v	12.6
исполнять	v	10.1
использовать	v	27.7
испортить	v	26.5
испортиться	v	13.9
исправить	v	17.6
исправлять	v	11.3
испугаться	v	35.3
испытывать	v	11.3
исследование	s	11.3
истерика	s	18.9
историк	s	15.1
исторический	a	13.9
история	s	211.7
источник	s	13.9
исчезать	v	11.3
исчезнуть	v	30.2
итак	conj	29.0
итальянский	a	42.8
итог	s	40.3
их	apro	177.7
ихний	apro	25.2
июль	s	37.8
июнь	s	34.0
йогурт	s	12.6
йод	s	25.2
к	pr	2977.2
ка	part	30.2
кабинет	s	65.5
каблук	s	30.2
кавычка	s	15.1
кадр	s	35.3
каждый	apro	574.5
кажется	adv	46.6
казаться	v	403.2
кайф	s	18.9
как	advpro	4568.5
как	conj	3643.7
как-нибудь	advpro	105.8
какой	apro	2710.1
какой-нибудь	apro	381.8
какой-то	apro	2066.3
как-то	advpro	923.5
калитка	s	12.6
каменный	a	15.1
камень	s	58.0
камера	s	32.8
канал	s	29.0
каникулы	s	23.9
каньон	s	13.9
капелька	s	17.6
капельница	s	11.3
капитан	s	21.4
капризный	a	17.6
капуста	s	52.9
карамель	s	13.9
карась	s	10.1
каратэ	s	10.1
кардиограмма	s	15.1
карибский	a	13.9
карман	s	34.0
карта	s	75.6
картина	s	68.0
картинка	s	49.1
карточка	s	63.0
картошечка	s	10.1
картошка	s	149.9
карьера	s	30.2
касаться	v	21.4
касса	s	35.3
кассета	s	51.7
кассир	s	13.9
кастрюля	s	27.7
каталог	s	13.9
катать	v	17.6
кататься	v	92.0
категория	s	20.2
катиться	v	10.1
каток	s	25.2
кафе	s	56.7
кафедра	s	55.4
качать	v	31.5
качаться	v	10.1
качество	s	71.8
каша	s	39.1
кашель	s	22.7
кашка	s	21.4
кашлять	v	13.9
квадрат	s	16.4
квадратный	a	17.6
квартира	s	350.3
кетчуп	s	11.3
кефир	s	16.4
кивать	v	25.2
кидать	v	31.5
кидаться	v	12.6
киевский	a	10.1
кило	s	12.6
килограмм	s	86.9
километр	s	61.7
килька	s	11.3
кино	s	142.4
кинотеатр	s	25.2
кинуть	v	56.7
киоск	s	10.1
кипеть	v	20.2
кипятить	v	17.6
кипяток	s	12.6
кирпич	s	25.2
кисель	s	13.9
кислород	s	13.9
китаец	s	11.3
китайский	a	22.7
кладбище	s	26.5
клан	s	12.6
класс	s	297.3
классика	s	15.1
классический	a	23.9
классно	adv	85.7
классный	a	105.8
класть	v	128.5
клево	adv	34.0
клевый	a	37.8
клеить	v	20.2
клей	s	13.9
клетка	s	13.9
клиент	s	27.7
клиника	s	13.9
клип	s	20.2
клоун	s	12.6
клуб	s	83.2
клубника	s	25.2
ключ	s	56.7
клясться	v	10.1
книга	s	215.5
книжечка	s	16.4
книжка	s	221.8
книжный	a	25.2
кнопка	s	69.3
кнопочка	s	16.4
ко	pr	236.9
ковер	s	17.6
коврик	s	12.6
когда	advpro	345.2
когда	conj	2315.7
когда-нибудь	advpro	50.4
когда-то	advpro	85.7
код	s	10.1
кое-как	advpro	13.9
кое-что	spro	40.3
кожа	s	52.9
коза	s	10.1
козел	s	26.5
кой	apro	17.6
коктейль	s	12.6
колбаса	s	58.0
колбаска	s	17.6
колготки	s	18.9
коленка	s	23.9
колено	s	31.5
колесико	s	11.3
колесо	s	44.1
колечко	s	12.6
количество	s	49.1
колледж	s	12.6
коллектив	s	23.9
коллекция	s	13.9
колонка	s	17.6
колонна	s	10.1
колоть	v	20.2
колхоз	s	18.9
кольцо	s	42.8
коляска	s	23.9
команда	s	44.1
командир	s	15.1
командировка	s	21.4
комар	s	18.9
комбикорм	s	13.9
комедия	s	29.0
комиссия	s	36.5
комментарий	s	10.1
комментатор	s	13.9
комментировать	v	11.3
коммерческий	a	12.6
коммунальный	a	12.6
коммуникация	s	10.1
коммунист	s	11.3
комната	s	349.0
комп	s	34.0
компания	s	89.5
комплекс	s	18.9
комплект	s	17.6
комплимент	s	12.6
композитор	s	10.1
компот	s	22.7
компьютер	s	129.8
компьютерный	a	16.4
комсомолка	s	11.3
конверт	s	18.9
конек	s	18.9
конец	s	403.2
конечно	adv	1868.5
конечно	part	383.0
конка	s	15.1
конкретно	adv	39.1
конкретный	a	13.9
конкурс	s	52.9
консерватория	s	21.4
консервы	s	13.9
конспект	s	10.1
конституция	s	11.3
конструктор	s	10.1
консультация	s	18.9
контакт	s	22.7
контора	s	12.6
контракт	s	11.3
контролировать	v	11.3
контроль	s	13.9
контрольный	a	16.4
конференция	s	46.6
конфета	s	81.9
конфетка	s	22.7
концепция	s	20.2
концерт	s	59.2
кончать	v	42.8
кончаться	v	32.8
кончить	v	76.9
кончиться	v	92.0
конь	s	10.1
коньяк	s	26.5
кооператив	s	31.5
копать	v	11.3
копейка	s	115.9
копить	v	11.3
копия	s	26.5
кора	s	12.6
корабль	s	17.6
корень	s	22.7
корзина	s	16.4
коридор	s	78.1
коричневый	a	35.3
кормить	v	109.6
коробка	s	78.1
коробочка	s	23.9
корова	s	55.4
королева	s	16.4
король	s	29.0
короткий	a	913.4
коротко	adv	89.5
корпус	s	46.6
коса	s	20.2
косить	v	36.5
косметика	s	16.4
космос	s	22.7
костер	s	11.3
косточка	s	13.9
кость	s	30.2
костюм	s	56.7
косяк	s	12.6
кот	s	99.5
котенок	s	17.6
котлета	s	26.5
который	apro	1669.4
кофе	s	139.9
кофта	s	35.3
кофточка	s	31.5
кошечка	s	11.3
кошка	s	126.0
кошмар	s	128.5
край	s	45.4
крайний	a	85.7
кран	s	10.1
красавец	s	20.2
красавица	s	20.2
красиво	adv	74.3
красивый	a	351.5
красить	v	70.6
краситься	v	16.4
краска	s	75.6
красный	a	202.9
красота	s	54.2
красотка	s	10.1
крашеный	a	11.3
креатив	s	11.3
кредит	s	42.8
крем	s	26.5
крендель	s	11.3
крепдешин	s	10.1
крепкий	a	41.6
крепко	adv	11.3
кресло	s	46.6
крест	s	25.2
крестная	s	15.1
кривой	a	16.4
крик	s	27.7
кричать	v	118.4
кровать	s	71.8
кровь	s	66.8
кролик	s	22.7
кроме	pr	126.0
кроссовка	s	10.1
кроссовок	s	11.3
круг	s	56.7
кругленький	a	12.6
круглый	a	51.7
кругом	adv	41.6
кружка	s	21.4
крупный	a	49.1
крутить	v	36.5
крутиться	v	22.7
круто	adv	64.3
крутой	a	70.6
крыло	s	26.5
крыльцо	s	12.6
крыса	s	17.6
крытый	a	11.3
крыша	s	41.6
крышка	s	26.5
крючок	s	12.6
кстати	adv	621.1
кто	spro	1927.7
кто-нибудь	spro	148.7
кто-то	spro	417.0
куб	s	17.6
кувшин	s	10.1
куда	advpro	769.8
куда-нибудь	advpro	119.7
куда-то	advpro	146.2
кукла	s	27.7
ку-ку	intj	10.1
кулак	s	25.2
кулич	s	12.6
культура	s	23.9
культурный	a	11.3
купальник	s	22.7
купать	v	10.1
купаться	v	34.0
купец	s	12.6
купеческий	a	15.1
купить	v	1010.5
куратор	s	10.1
курить	v	107.1
курица	s	66.8
курс	s	268.4
курский	a	12.6
курсовой	a	31.5
куртка	s	44.1
кусать	v	13.9
кусок	s	51.7
кусочек	s	52.9
куст	s	32.8
кухня	s	162.5
куча	s	81.9
кушать	v	66.8
лабораторный	a	10.1
лавка	s	18.9
лавочка	s	11.3
лагерь	s	34.0
лад	s	10.1
ладненький	a	12.6
ладно	adv	309.9
ладно	part	1202.0
ладонь	s	12.6
лазанье	s	11.3
лазерный	a	10.1
лазить	v	37.8
лайка	s	10.1
лампочка	s	15.1
лапа	s	30.2
лапка	s	10.1
лапочка	s	11.3
лапша	s	17.6
ласковый	a	12.6
латынь	s	12.6
лев	s	30.2
левый	a	65.5
легенда	s	12.6
легкий	a	83.2
легко	adv	64.3
легкое	s	10.1
лежать	v	309.9
лезть	v	75.6
лекарство	s	54.2
лекция	s	133.6
лен	s	65.5
ленинградский	a	30.2
ленинский	a	15.1
лень	adv	31.5
лес	s	113.4
лесной	a	12.6
лестница	s	49.1
летать	v	32.8
лететь	v	54.2
летний	a	56.7
лето	s	199.1
летчик	s	11.3
лечить	v	42.8
лечиться	v	32.8
лечь	v	71.8
ли	conj	23.9
ли	part	1540.9
либо	conj	133.6
лига	s	10.1
лидер	s	12.6
лимон	s	21.4
лингвист	s	11.3
лингвистический	a	10.1
линейка	s	12.6
линза	s	11.3
линия	s	58.0
линолеум	s	10.1
лиса	s	10.1
лист	s	66.8
листочек	s	34.0
литератор	s	11.3
литература	s	122.2
литературный	a	15.1
литр	s	45.4
лить	v	11.3
лифт	s	47.9
лифчик	s	17.6
лицо	s	170.1
личинка	s	10.1
лично	adv	45.4
личность	s	16.4
личный	a	50.4
лишний	a	50.4
лишь	part	63.0
лоб	s	26.5
ловить	v	55.4
лодка	s	23.9
ложечка	s	12.6
ложить	v	11.3
ложиться	v	70.6
ложка	s	49.1
лом	s	12.6
ломать	v	31.5
ломаться	v	16.4
лопата	s	11.3
лопнуть	v	13.9
лось	s	25.2
лох	s	10.1
лошадь	s	94.5
лужа	s	15.1
лук	s	71.8
луна	s	10.1
лучше	part	312.5
лучший	a	459.9
лыжа	s	21.4
лысый	a	12.6
ль	part	228.0
любезный	a	10.1
любимый	a	83.2
любитель	s	11.3
любить	v	585.9
любовник	s	13.9
любовь	s	95.8
любой	apro	200.3
любопытный	a	15.1
люд	s	50.4
люстра	s	18.9
м	intj	10.1
магазин	s	365.4
магазинчик	s	11.3
магнитофон	s	69.3
мазать	v	11.3
май	s	80.6
майка	s	21.4
майонез	s	12.6
майский	a	13.9
макароны	s	25.2
макдональдс	s	11.3
макет	s	21.4
максимум	s	21.4
маленький	a	627.4
маленько	adv	22.7
малина	s	34.0
мало	adv	212.9
мало	num	180.2
малый	a	45.4
малыш	s	60.5
мальчик	s	226.8
мальчишка	s	51.7
малюсенький	a	10.1
маляр	s	10.1
мама	s	1078.5
маманя	s	11.3
мамаша	s	42.8
мамин	a	31.5
мамка	s	39.1
мамочка	s	11.3
манера	s	35.3
маньяк	s	13.9
марка	s	47.9
март	s	69.3
маршрут	s	20.2
маршрутка	s	80.6
масленица	s	13.9
масло	s	94.5
масса	s	32.8
массаж	s	18.9
массовый	a	11.3
мастер	s	46.6
мастерская	s	22.7
мат	s	29.0
математика	s	63.0
математический	a	10.1
материал	s	66.8
материться	v	13.9
матрас	s	25.2
матрица	s	22.7
матч	s	16.4
мать	s	396.9
махать	v	25.2
махнуть	v	20.2
машина	s	622.4
машинка	s	34.0
маяться	v	16.4
мебель	s	49.1
мед	s	42.8
медаль	s	29.0
медведь	s	21.4
медик	s	18.9
медицинский	a	20.2
медленно	adv	23.9
медосмотр	s	10.1
медсестра	s	16.4
между	pr	236.9
международный	a	10.1
мелкий	a	51.7
мелодия	s	20.2
мелочь	s	27.7
менеджер	s	21.4
менее	adv	56.7
мент	s	25.2
меньше	num	68.0
меньший	a	10.1
меню	s	21.4
менять	v	76.9
меняться	v	40.3
мера	s	107.1
мерзнуть	v	11.3
мерить	v	29.0
мероприятие	s	16.4
мертвый	s	10.1
мести	v	12.6
местный	a	30.2
место	s	520.4
месяц	s	390.6
металлический	a	13.9
метод	s	15.1
методика	s	18.9
метр	s	177.7
метро	s	99.5
мех	s	11.3
механизм	s	11.3
механик	s	10.1
меценат	s	11.3
мечта	s	30.2
мечтать	v	30.2
мешать	v	98.3
мешок	s	46.6
микроволновка	s	10.1
микрофон	s	29.0
миленький	a	13.9
милиционер	s	20.2
милиция	s	22.7
миллион	s	45.4
милый	a	64.3
мимо	adv	27.7
мимо	pr	26.5
мимоза	s	10.1
миндаль	s	10.1
минимум	s	20.2
минус	s	46.6
минута	s	341.4
минутка	s	16.4
минуточка	s	17.6
мир	s	117.2
мировой	a	22.7
миска	s	15.1
младенец	s	10.1
младший	a	41.6
мм	intj	34.0
м-м	intj	388.1
ммм	intj	54.2
м-м-м	intj	52.9
мнение	s	55.4
многие	spro	50.4
многий	apro	54.2
много	adv	162.5
много	num	695.5
многое	spro	36.5
мобила	s	10.1
мобильник	s	21.4
мобильный	a	30.2
могила	s	11.3
мода	s	42.8
модель	s	25.2
модный	a	32.8
может	adv	462.4
можно	adv	1616.5
мозг	s	42.8
мой	apro	1453.1
мокрый	a	31.5
мол	part	117.2
молодежный	a	12.6
молодежь	s	47.9
молоденький	a	11.3
молодец	s	230.6
молодой	a	311.2
молодость	s	18.9
молоко	s	133.6
молоток	s	13.9
молочко	s	12.6
молочный	a	25.2
молча	adv	32.8
молчание	s	18.9
молчать	v	83.2
момент	s	114.7
моментально	adv	12.6
монастырь	s	36.5
монитор	s	20.2
монстр	s	16.4
морда	s	37.8
море	s	73.1
морковка	s	15.1
морковь	s	13.9
мороженое	s	61.7
мороженый	a	11.3
мороз	s	21.4
морозилка	s	12.6
морской	a	21.4
москвич	s	22.7
московский	a	69.3
мост	s	36.5
мотаться	v	21.4
мотор	s	10.1
мотоцикл	s	22.7
мочь	v	3542.9
муж	s	286.0
мужать	v	10.1
мужик	s	264.6
мужской	a	40.3
мужчина	s	151.2
музей	s	68.0
музыка	s	167.6
музыкальный	a	37.8
музыкант	s	26.5
мука	s	34.0
мультик	s	23.9
муравейник	s	11.3
мусор	s	21.4
мутный	a	11.3
муть	s	11.3
муха	s	20.2
мучаться	v	23.9
мучение	s	10.1
мучить	v	22.7
мучиться	v	21.4
мы	spro	8309.2
мыло	s	37.8
мысль	s	112.1
мыть	v	102.1
мыться	v	32.8
мышка	s	18.9
мышца	s	16.4
мышь	s	37.8
мягкий	a	63.0
мягко	adv	10.1
мясной	a	22.7
мясо	s	127.3
мясорубка	s	10.1
мяч	s	16.4
мячик	s	12.6
на	pr	11776.4
набережная	s	22.7
набирать	v	41.6
набить	v	18.9
наблюдать	v	17.6
набор	s	23.9
набрать	v	68.0
наверно	adv	811.4
наверное	adv	827.8
наверняка	adv	25.2
наверх	adv	23.9
наверху	adv	23.9
навести	v	12.6
навестить	v	10.1
навсегда	adv	11.3
навстречу	adv	30.2
наглый	a	16.4
наговорить	v	17.6
нагрузка	s	21.4
над	pr	118.4
надевать	v	31.5
надежда	s	50.4
наделать	v	11.3
надеть	v	71.8
надеяться	v	90.7
надземный	a	11.3
надо	adv	3361.5
надо	pr	15.1
надоедать	v	10.1
надоесть	v	151.2
надолго	adv	21.4
надпись	s	12.6
надумать	v	15.1
наесться	v	29.0
нажать	v	34.0
нажимать	v	65.5
нажраться	v	11.3
назад	adv	176.4
названивать	v	22.7
название	s	105.8
назвать	v	79.4
назначить	v	25.2
называть	v	133.6
называться	v	311.2
наизусть	adv	15.1
найти	v	515.3
найтись	v	20.2
накануне	adv	10.1
накачать	v	10.1
накладывать	v	15.1
наконец	adv	36.5
накопить	v	11.3
накормить	v	21.4
накрывать	v	11.3
накрыть	v	20.2
наладить	v	15.1
налево	adv	18.9
наливать	v	50.4
налить	v	107.1
наличие	s	12.6
налог	s	34.0
налоговый	a	13.9
наложить	v	15.1
намек	s	11.3
намного	adv	47.9
нанимать	v	11.3
нанять	v	12.6
наоборот	adv	123.5
напечатать	v	23.9
написать	v	609.8
напиток	s	13.9
напиться	v	30.2
наплевать	v	15.1
наполнитель	s	11.3
напоминать	v	25.2
напомнить	v	27.7
направить	v	11.3
направление	s	41.6
направо	adv	17.6
например	adv	384.3
напротив	adv	34.0
напротив	pr	21.4
напрягать	v	22.7
напугать	v	23.9
нарвать	v	10.1
нарезать	v	15.1
нарисовать	v	37.8
наркоман	s	39.1
наркотик	s	13.9
народ	s	243.2
народный	a	31.5
нарушать	v	10.1
нарядный	a	16.4
население	s	12.6
насколько	adv	42.8
насморк	s	15.1
настолько	adv	74.3
настоящий	a	84.4
настроение	s	69.3
настроить	v	15.1
настройка	s	11.3
наступать	v	12.6
наступить	v	18.9
насчет	pr	131.0
насыпать	v	12.6
наташкин	a	13.9
натура	s	16.4
натуральный	a	20.2
натянуть	v	11.3
наука	s	42.8
научить	v	32.8
научиться	v	66.8
научный	a	35.3
наушник	s	10.1
нафиг	adv	10.1
находить	v	39.1
находиться	v	118.4
национальность	s	10.1
национальный	a	15.1
начало	s	131.0
начальник	s	69.3
начальный	a	16.4
начальство	s	16.4
начать	v	443.5
начаться	v	108.4
начинать	v	308.7
начинаться	v	128.5
наш	apro	951.2
не	part	23444.5
небо	s	40.3
небольшой	a	70.6
небось	adv	18.9
небось	part	22.7
неважно	adv	27.7
неважный	a	35.3
невероятный	a	17.6
невеста	s	25.2
невкусно	adv	10.1
невкусный	a	11.3
невозможно	adv	56.7
невозможный	a	34.0
негде	adv	29.0
негр	s	31.5
недавно	adv	190.3
недалеко	adv	40.3
неделька	s	18.9
неделя	s	461.1
недовольный	a	18.9
недолго	adv	11.3
недорогой	a	15.1
недостаток	s	15.1
нежный	a	16.4
незнакомый	a	20.2
неизвестно	adv	42.8
неизвестный	a	21.4
неинтересно	adv	11.3
неинтересный	a	29.0
некий	apro	16.4
некогда	advpro	10.1
некоторые	spro	20.2
некоторый	apro	149.9
некрасивый	a	20.2
некуда	adv	29.0
нельзя	adv	366.6
немец	s	44.1
немецкий	a	95.8
немного	adv	133.6
немного	num	11.3
немножечко	adv	46.6
немножко	adv	282.2
немножко	num	11.3
ненавидеть	v	30.2
ненадолго	adv	16.4
ненормальный	a	21.4
необходимый	a	15.1
необычный	a	15.1
неохота	adv	30.2
неплохо	adv	55.4
неплохой	a	25.2
непонятно	adv	63.0
непонятный	a	44.1
непосредственно	adv	12.6
неправда	s	31.5
неправильно	adv	36.5
неправильный	a	26.5
неприятно	adv	22.7
неприятный	a	25.2
неразборчиво	adv	37.8
неразборчивый	a	146.2
нерв	s	41.6
нервничать	v	17.6
нервный	a	23.9
нереальный	a	16.4
нерусский	a	10.1
несколько	adv	21.4
несколько	num	207.9
несмотря	adv	21.4
нести	v	85.7
нестись	v	13.9
несчастный	a	18.9
нет	adv	2645.8
нет	part	4618.9
нет-нет	adv	34.0
нет-нет	part	26.5
нет-нет-нет	part	15.1
нету	adv	350.3
неудобно	adv	58.0
неудобный	a	16.4
неужели	part	58.0
нехороший	a	35.3
нехорошо	adv	27.7
нечаянно	adv	12.6
нечего	advpro	102.1
нечто	spro	15.1
ни	conj	283.5
ни	part	718.2
нибудь	part	81.9
нигде	advpro	89.5
нижний	a	29.0
низ	s	15.1
низкий	a	37.8
ник	s	13.9
никак	advpro	244.4
никакой	apro	351.5
никогда	advpro	336.4
никто	spro	580.8
никуда	advpro	137.3
нисколько	advpro	18.9
нитка	s	21.4
ничего	advpro	29.0
ничто	spro	2169.6
но	conj	3997.7
новенький	a	35.3
новое	s	35.3
новость	s	49.1
новый	a	611.1
нога	s	332.6
ноготь	s	16.4
нож	s	37.8
ножик	s	10.1
ножка	s	36.5
ножницы	s	12.6
ноль	s	51.7
номер	s	240.6
норма	s	34.0
нормально	adv	311.2
нормальный	a	492.6
нос	s	79.4
носатый	a	17.6
носить	v	136.1
носиться	v	18.9
носок	s	37.8
ноутбук	s	11.3
ночевать	v	36.5
ночной	a	18.9
ночь	s	350.3
ноябрь	s	23.9
нравиться	v	633.7
ну	part	17208.0
нужно	adv	677.8
нужный	a	505.2
ну-ка	intj	94.5
ну-ну	intj	36.5
ну-у	part	16.4
нянька	s	20.2
няня	s	25.2
о	intj	207.9
о	pr	1045.7
об	pr	268.4
оба	num	83.2
обалденный	a	10.1
обалдеть	v	25.2
обаятельный	a	12.6
обед	s	104.6
обедать	v	35.3
обеденный	a	10.1
обещать	v	98.3
обида	s	11.3
обидеть	v	16.4
обидеться	v	51.7
обидно	adv	40.3
обижать	v	12.6
обижаться	v	39.1
обладать	v	10.1
область	s	37.8
обмануть	v	10.1
обмен	s	10.1
обморок	s	10.1
обнаглеть	v	10.1
обнаружить	v	18.9
обниматься	v	11.3
обо	pr	40.3
обогреватель	s	10.1
обожать	v	51.7
обозначать	v	11.3
обои	s	23.9
обойти	v	17.6
обойтись	v	22.7
оборот	s	18.9
обрадоваться	v	25.2
образ	s	94.5
образец	s	18.9
образование	s	84.4
образованный	a	12.6
образоваться	v	17.6
обратить	v	39.1
обратиться	v	26.5
обратно	adv	149.9
обратный	a	20.2
обращать	v	44.1
обращаться	v	114.7
обрезать	v	15.1
обрывать	v	16.4
обстановка	s	21.4
обстоятельство	s	12.6
обсудить	v	13.9
обсуждать	v	35.3
обувь	s	45.4
обучение	s	12.6
обход	s	11.3
обходить	v	15.1
общага	s	27.7
общаться	v	148.7
общее	s	99.5
общежитие	s	34.0
общение	s	44.1
общественный	a	16.4
общество	s	22.7
общий	a	1200.7
объект	s	11.3
объем	s	15.1
объесться	v	11.3
объехать	v	11.3
объявление	s	26.5
объяснение	s	18.9
объяснить	v	136.1
объяснять	v	97.0
обыкновенный	a	21.4
обычай	s	11.3
обычно	adv	239.4
обычный	a	98.3
обязанность	s	11.3
обязанный	a	20.2
обязательно	adv	246.9
овощи	s	18.9
овца	s	11.3
ого	intj	26.5
огонек	s	12.6
огонь	s	21.4
огород	s	44.1
огромный	a	83.2
огурец	s	35.3
огурчик	s	18.9
одевать	v	50.4
одеваться	v	50.4
одежда	s	59.2
одесский	a	12.6
одетый	a	22.7
одеть	v	80.6
одеться	v	25.2
одеяло	s	21.4
один	anum	577.0
один	apro	2283.0
одинаково	adv	18.9
одинаковый	a	32.8
одиннадцатый	anum	68.0
одиннадцать	num	81.9
одинокий	a	12.6
однажды	adv	47.9
однако	conj	12.6
одновременно	adv	162.5
однокомнатный	a	11.3
одноместный	a	20.2
одолжить	v	11.3
ожидать	v	22.7
озеро	s	20.2
ой	intj	1234.7
ой-ой-ой	intj	11.3
ок	adv	13.9
оказаться	v	133.6
оказываться	v	122.2
окно	s	139.9
около	pr	178.9
окончание	s	22.7
окончательно	adv	11.3
окошко	s	22.7
окраина	s	11.3
октябрь	s	42.8
октябрьский	a	15.1
окунь	s	10.1
олимпиада	s	12.6
ом	s	12.6
он	spro	13896.9
она	spro	10303.6
они	spro	7194.1
оно	spro	424.6
о-о	intj	56.7
о-о-о	intj	29.0
оп	intj	21.4
опаздывать	v	35.3
опасный	a	22.7
опера	s	22.7
оперативник	s	10.1
операция	s	45.4
оперный	a	10.1
описать	v	12.6
описывать	v	17.6
оплата	s	13.9
оплатить	v	32.8
оплачивать	v	21.4
опоздать	v	50.4
оппонент	s	16.4
определение	s	11.3
определенный	a	69.3
определить	v	32.8
определиться	v	16.4
определять	v	17.6
опускать	v	16.4
опустить	v	12.6
опыт	s	44.1
опытный	a	11.3
опять	adv	772.3
опять-таки	adv	17.6
оранжевый	a	15.1
орать	v	121.0
орган	s	11.3
организация	s	32.8
организм	s	17.6
организовать	v	16.4
орден	s	17.6
орех	s	31.5
оригинал	s	12.6
оригинально	adv	10.1
оригинальный	a	21.4
оркестр	s	44.1
орловский	a	11.3
оружие	s	11.3
освободить	v	13.9
освободиться	v	16.4
осень	s	56.7
основа	s	29.0
основание	s	11.3
основное	s	81.9
основной	a	100.8
особенно	adv	152.5
особенность	s	16.4
особенный	a	35.3
особо	adv	78.1
особый	a	37.8
оставаться	v	137.3
оставить	v	238.1
оставлять	v	60.5
остальное	spro	51.7
остальной	apro	37.8
остальные	spro	44.1
останавливать	v	11.3
останавливаться	v	27.7
остановить	v	31.5
остановиться	v	45.4
остановка	s	78.1
остаток	s	17.6
остаться	v	449.8
осторожно	adv	15.1
осторожный	a	10.1
остров	s	30.2
острый	a	21.4
остынуть	v	12.6
от	pr	1338.0
отвезти	v	35.3
отвертка	s	10.1
отвести	v	12.6
ответ	s	75.6
ответить	v	107.1
ответный	a	75.6
ответственность	s	17.6
ответственный	a	11.3
отвечать	v	126.0
отвлекать	v	13.9
отвлекаться	v	10.1
отдавать	v	103.3
отдать	v	284.7
отдел	s	81.9
отделение	s	32.8
отделка	s	20.2
отдельно	adv	51.7
отдельный	a	37.8
отдохнуть	v	84.4
отдых	s	51.7
отдыхать	v	108.4
отель	s	26.5
отец	s	332.6
отечественный	a	10.1
отзыв	s	17.6
отказать	v	13.9
отказаться	v	56.7
отказываться	v	23.9
откладывать	v	13.9
отключать	v	11.3
отключить	v	23.9
откровенно	adv	13.9
откроить	v	11.3
открывать	v	147.4
открываться	v	32.8
открытие	s	13.9
открытка	s	32.8
открыто	adv	13.9
открытый	a	60.5
открыть	v	156.2
открыться	v	29.0
откуда	advpro	231.8
откуда-то	advpro	22.7
отличаться	v	44.1
отличить	v	12.6
отлично	adv	58.0
отличный	a	41.6
отложить	v	20.2
отменить	v	25.2
отметить	v	25.2
отмечать	v	46.6
отнести	v	32.8
относиться	v	93.2
отношение	s	157.5
отнять	v	11.3
отобрать	v	13.9
отойти	v	46.6
отомстить	v	16.4
отопление	s	10.1
оторвать	v	13.9
оторваться	v	15.1
отправить	v	98.3
отправиться	v	11.3
отправлять	v	35.3
отпуск	s	93.2
отпускать	v	27.7
отпустить	v	78.1
отработать	v	15.1
отреагировать	v	10.1
отрезать	v	20.2
отремонтировать	v	12.6
отрицательный	a	17.6
отрывок	s	15.1
отсканировать	v	16.4
отстать	v	32.8
отстойный	a	10.1
отсутствие	s	11.3
отсюда	advpro	88.2
оттенок	s	12.6
оттого	advpro	12.6
оттуда	advpro	149.9
отходить	v	11.3
отчего	advpro	11.3
отчество	s	15.1
отчет	s	32.8
отъезд	s	16.4
отъехать	v	10.1
офигенный	a	40.3
офигеть	v	20.2
офис	s	41.6
офицер	s	22.7
официально	adv	21.4
официальный	a	11.3
официант	s	11.3
оформить	v	31.5
оформлять	v	17.6
ох	intj	74.3
охота	adv	20.2
охота	s	25.2
охрана	s	30.2
охранный	a	10.1
охранять	v	12.6
охренеть	v	13.9
оценивать	v	12.6
оценить	v	20.2
оценка	s	60.5
очаровательный	a	13.9
очевидно	adv	25.2
очень	adv	2996.1
очень-очень	adv	11.3
очередной	a	25.2
очередь	s	118.4
очки	s	42.8
ошибаться	v	18.9
ошибка	s	58.0
ощущать	v	11.3
ощущение	s	46.6
па	s	16.4
падать	v	76.9
пакет	s	102.1
пакетик	s	39.1
палата	s	18.9
палатка	s	40.3
палец	s	74.3
палка	s	35.3
палочка	s	35.3
пальто	s	51.7
пальчик	s	12.6
памятник	s	35.3
память	s	49.1
панель	s	11.3
пансион	s	13.9
папа	s	427.1
папаша	s	26.5
папин	a	34.0
папка	s	51.7
пар	s	17.6
пара	s	236.9
параллельно	adv	16.4
параллельный	a	11.3
парень	s	240.6
парикмахер	s	10.1
парикмахерская	s	11.3
парить	v	17.6
париться	v	27.7
парк	s	44.1
паровоз	s	10.1
парочка	s	13.9
парта	s	12.6
партия	s	44.1
паспорт	s	84.4
пассажир	s	16.4
паста	s	15.1
пасха	s	36.5
патрон	s	16.4
пауза	s	255.8
пахать	v	16.4
пахнуть	v	71.8
пацан	s	64.3
пачка	s	56.7
певец	s	18.9
педагог	s	11.3
педагогический	a	23.9
педаль	s	11.3
пединститут	s	21.4
пельмень	s	22.7
пение	s	10.1
пенсионер	s	18.9
пенсия	s	45.4
пень	s	13.9
пепельница	s	12.6
первое	s	16.4
первый	anum	984.0
перебивать	v	21.4
перебирать	v	10.1
перебить	v	15.1
перевернуть	v	10.1
перевести	v	59.2
перевестись	v	11.3
перевод	s	54.2
переводить	v	39.1
переводчик	s	13.9
переговорить	v	15.1
перед	pr	244.4
передавать	v	83.2
передать	v	98.3
передача	s	45.4
переделать	v	11.3
переделывать	v	15.1
передергивать	v	10.1
передний	a	13.9
передо	pr	11.3
передумать	v	11.3
переезд	s	12.6
переезжать	v	25.2
переехать	v	51.7
переживать	v	66.8
пережить	v	25.2
перезвонить	v	30.2
перейти	v	107.1
перекресток	s	13.9
перемена	s	13.9
перенести	v	39.1
переносить	v	10.1
переночевать	v	15.1
переодеваться	v	12.6
переписать	v	30.2
переписывать	v	21.4
переписываться	v	16.4
перепутать	v	21.4
перерыв	s	59.2
пересказ	s	15.1
переставить	v	17.6
перестать	v	54.2
переть	v	21.4
переулок	s	46.6
переход	s	47.9
переходить	v	47.9
перец	s	37.8
перечислять	v	10.1
период	s	37.8
периодически	adv	25.2
персонаж	s	11.3
перспектива	s	13.9
перчатка	s	25.2
пес	s	17.6
песенка	s	13.9
песня	s	170.1
песок	s	50.4
петербургский	a	15.1
петроградский	a	11.3
петрушка	s	16.4
петь	v	211.7
печатать	v	68.0
печатный	a	11.3
печать	s	20.2
печень	s	17.6
печенье	s	29.0
печка	s	21.4
печь	s	15.1
печь	v	29.0
пешеход	s	27.7
пешеходный	a	31.5
пешком	adv	60.5
пивко	s	11.3
пиво	s	83.2
пиджак	s	18.9
пидор	s	16.4
..издец	s	26.5
пилить	v	25.2
пирог	s	30.2
пирожное	s	12.6
пирожок	s	27.7
писатель	s	37.8
писать	v	574.5
писаться	v	13.9
пистолет	s	12.6
письменный	a	18.9
письмо	s	128.5
питание	s	21.4
питаться	v	17.6
пить	v	393.1
пицца	s	15.1
пища	s	20.2
плавать	v	30.2
плакат	s	10.1
плакать	v	102.1
план	s	141.1
планировать	v	23.9
плата	s	27.7
платить	v	205.4
платно	adv	11.3
платный	a	15.1
платочек	s	11.3
платформа	s	10.1
платье	s	132.3
плащ	s	16.4
плевать	v	16.4
плеер	s	42.8
племянник	s	13.9
племянница	s	15.1
пленка	s	66.8
плечо	s	30.2
плита	s	27.7
плитка	s	30.2
плоскость	s	15.1
плохо	adv	252.0
плохой	a	354.0
площадка	s	34.0
площадь	s	65.5
плюнуть	v	16.4
плюс	conj	66.8
плюс	s	23.9
пляж	s	34.0
плясать	v	16.4
по	pr	3612.2
по-английски	adv	27.7
побегать	v	12.6
победа	s	15.1
победить	v	13.9
побежать	v	68.0
побить	v	15.1
поболтать	v	20.2
побояться	v	12.6
побывать	v	10.1
побыть	v	20.2
поведение	s	21.4
повезти	v	66.8
поверить	v	56.7
повернуть	v	30.2
повернуться	v	12.6
повесить	v	51.7
повести	v	13.9
повод	s	109.6
поворачивать	v	11.3
поворот	s	18.9
повторить	v	23.9
повторять	v	41.6
повторяться	v	13.9
повысить	v	17.6
повышать	v	17.6
повышение	s	10.1
погибнуть	v	26.5
погладить	v	11.3
поглядеть	v	16.4
поговорить	v	194.0
погода	s	114.7
погодить	v	37.8
погулять	v	75.6
под	pr	442.2
подавать	v	58.0
подарить	v	132.3
подарок	s	110.9
подать	v	45.4
подбирать	v	25.2
подвал	s	40.3
подвести	v	11.3
подвинуться	v	11.3
подготовить	v	22.7
подготовиться	v	11.3
подготовка	s	22.7
поддержать	v	20.2
поддерживать	v	20.2
поддержка	s	15.1
подействовать	v	11.3
поделать	v	20.2
поделить	v	12.6
поделиться	v	15.1
подержать	v	12.6
поджечь	v	11.3
подземный	a	18.9
поди	intj	10.1
подключать	v	10.1
подключить	v	13.9
подложить	v	11.3
поднимать	v	23.9
подниматься	v	55.4
поднос	s	10.1
поднять	v	55.4
подняться	v	39.1
подобный	a	79.4
подобрать	v	30.2
подогреть	v	11.3
подождать	v	351.5
подозревать	v	10.1
подозрительно	adv	10.1
подойти	v	176.4
подписать	v	36.5
подписка	s	10.1
подписывать	v	22.7
подпись	s	12.6
подробно	adv	10.1
подробность	s	12.6
подросток	s	16.4
подруга	s	114.7
по-другому	advpro	81.9
подружиться	v	15.1
подружка	s	76.9
подряд	adv	22.7
подсказать	v	30.2
подстричь	v	20.2
подтвердить	v	10.1
подумать	v	273.4
подушка	s	22.7
подход	s	26.5
подходить	v	192.8
подходящий	a	20.2
подчеркивать	v	10.1
подъезд	s	66.8
подъезжать	v	16.4
подъем	s	15.1
подъехать	v	23.9
поезд	s	69.3
поездка	s	56.7
поесть	v	129.8
поехать	v	774.9
пожалеть	v	26.5
пожалуй	adv	18.9
пожалуйста	part	618.6
пожар	s	37.8
пожарить	v	11.3
пожелать	v	11.3
пожениться	v	17.6
поживать	v	22.7
пожилой	a	32.8
пожить	v	23.9
пожрать	v	12.6
поза	s	13.9
позавтракать	v	13.9
позавчера	adv	26.5
позаниматься	v	13.9
позвать	v	71.8
позволить	v	23.9
позволять	v	15.1
позвонить	v	453.6
позвоночник	s	16.4
поздний	a	92.0
поздно	adv	114.7
поздороваться	v	15.1
поздравить	v	25.2
поздравлять	v	37.8
познакомить	v	13.9
познакомиться	v	93.2
поиграть	v	46.6
поиск	s	11.3
поискать	v	31.5
поить	v	15.1
поймать	v	63.0
пойти	v	1936.5
пока	adv	715.6
пока	conj	356.6
показание	s	21.4
показатель	s	15.1
показать	v	298.6
показаться	v	46.6
показывать	v	393.1
покатать	v	10.1
покататься	v	11.3
поклясться	v	10.1
покой	s	16.4
поколение	s	25.2
покормить	v	17.6
покрасить	v	40.3
покраситься	v	10.1
покупатель	s	52.9
покупать	v	340.2
покупка	s	25.2
покурить	v	26.5
покушать	v	20.2
пол	num	16.4
пол	s	119.7
полагаться	v	22.7
полгода	s	54.2
полдень	s	11.3
поле	s	63.0
полежать	v	18.9
полезно	adv	15.1
полезный	a	45.4
полезть	v	12.6
полет	s	12.6
полететь	v	20.2
ползти	v	18.9
полигон	s	10.1
поликлиника	s	40.3
полис	s	13.9
полить	v	16.4
полицай	s	10.1
полк	s	16.4
полка	s	37.8
полкило	s	17.6
полковник	s	11.3
полно	adv	81.9
полностью	adv	69.3
полный	a	182.7
половина	s	173.9
половинка	s	31.5
положение	s	35.3
положить	v	233.1
поломать	v	10.1
полоса	s	15.1
полосатый	a	10.1
полотенце	s	16.4
полочка	s	17.6
полтинник	s	20.2
полтора	num	117.2
получать	v	171.4
получаться	v	337.7
получить	v	253.2
получиться	v	327.6
полчаса	s	60.5
польза	s	10.1
пользоваться	v	84.4
польский	a	22.7
полюбить	v	10.1
по-любому	adv	47.9
помазать	v	11.3
поменять	v	66.8
поменяться	v	21.4
помереть	v	34.0
померить	v	39.1
поместиться	v	13.9
помешать	v	37.8
помещаться	v	11.3
помещение	s	45.4
помидор	s	40.3
помимо	pr	15.1
помнить	v	1062.1
помогать	v	104.6
по-моему	advpro	197.8
помойка	s	21.4
помочь	v	151.2
помощник	s	20.2
помощь	s	56.7
помыть	v	59.2
помыться	v	10.1
понадобиться	v	10.1
по-настоящему	adv	11.3
понедельник	s	119.7
понести	v	22.7
понимание	s	13.9
понимать	v	1511.9
понравиться	v	414.5
понт	s	12.6
пончик	s	15.1
понятие	s	46.6
понятно	adv	462.4
понятный	a	113.4
понятой	s	13.9
понять	v	664.0
пообедать	v	25.2
пообщаться	v	21.4
поп	s	20.2
попа	s	10.1
попадать	v	49.1
попадаться	v	26.5
попасть	v	218.6
попасться	v	35.3
попереться	v	10.1
попить	v	83.2
пополам	adv	22.7
поправиться	v	15.1
попробовать	v	233.1
попросить	v	143.6
попрощаться	v	12.6
популярный	a	11.3
попытаться	v	23.9
попытка	s	11.3
пора	adv	81.9
пора	s	184.0
поработать	v	37.8
поражаться	v	10.1
поразить	v	12.6
по-разному	adv	32.8
порвать	v	16.4
порезать	v	22.7
поржать	v	10.1
поросенок	s	22.7
порошок	s	26.5
портить	v	25.2
портиться	v	10.1
портрет	s	10.1
португальский	a	10.1
портфель	s	12.6
поругаться	v	10.1
по-русски	adv	23.9
порядок	s	123.5
порядочный	a	10.1
посадить	v	80.6
по-своему	advpro	16.4
посвятить	v	11.3
поселиться	v	12.6
поселок	s	21.4
посещать	v	10.1
посидеть	v	136.1
поскольку	conj	58.0
послать	v	92.0
после	adv	11.3
после	pr	609.8
последний	a	408.2
послезавтра	adv	22.7
послушать	v	92.0
посмотреть	v	1009.2
посоветовать	v	45.4
посоветоваться	v	12.6
посольство	s	18.9
поспать	v	27.7
поссориться	v	15.1
пост	s	18.9
поставить	v	443.5
поставка	s	11.3
поставщик	s	12.6
постановка	s	13.9
постараться	v	39.1
постель	s	30.2
постепенно	adv	25.2
постирать	v	32.8
посторонний	a	18.9
постоянно	adv	168.8
постоянный	a	12.6
постоять	v	35.3
построить	v	45.4
поступать	v	68.0
поступить	v	100.8
посуда	s	58.0
посчитать	v	37.8
посылать	v	37.8
посылка	s	17.6
пот	s	17.6
потащить	v	16.4
потерпеть	v	12.6
потерять	v	88.2
потеряться	v	15.1
потихоньку	adv	25.2
поток	s	17.6
потолок	s	25.2
потом	advpro	2524.9
потому	advpro	1593.8
потратить	v	31.5
потрясать	v	20.2
потрясающе	adv	13.9
потрясти	v	12.6
потянуть	v	18.9
поход	s	12.6
походить	v	27.7
похоже	adv	26.5
похожий	a	160.0
похоронить	v	18.9
по-хорошему	adv	10.1
похудеть	v	29.0
поцеловать	v	22.7
почва	s	12.6
почем	advpro	26.5
почему	advpro	1055.8
почему-то	advpro	126.0
починить	v	12.6
почистить	v	21.4
почитать	v	98.3
почка	s	10.1
почта	s	54.2
почтамт	s	21.4
почти	adv	211.7
почтовый	a	13.9
почувствовать	v	29.0
пошехонский	a	26.5
пошутить	v	13.9
поэзия	s	10.1
поэт	s	22.7
поэтический	a	10.1
поэтому	advpro	438.5
появиться	v	103.3
появляться	v	44.1
пояс	s	17.6
правда	adv	390.6
правда	s	191.5
правило	s	54.2
правильно	adv	304.9
правильный	a	98.3
правительство	s	10.1
право	s	102.1
правый	a	114.7
прадед	s	12.6
праздник	s	126.0
практика	s	137.3
практически	adv	86.9
практический	a	15.1
предел	s	15.1
предлагать	v	75.6
предложение	s	42.8
предложить	v	69.3
предмет	s	58.0
предок	s	13.9
предполагать	v	10.1
предположить	v	20.2
предприниматель	s	30.2
предприятие	s	20.2
председатель	s	17.6
представить	v	100.8
представление	s	36.5
представлять	v	332.6
предупредить	v	26.5
предупреждать	v	45.4
предъявлять	v	12.6
предыдущий	a	23.9
прежде	pr	17.6
президент	s	17.6
прекрасно	adv	61.7
прекрасный	a	71.8
прекратить	v	25.2
прелестный	a	13.9
прелесть	s	37.8
премия	s	21.4
препарат	s	10.1
препод	s	29.0
преподавание	s	11.3
преподаватель	s	65.5
преподавать	v	42.8
преследовать	v	10.1
претензия	s	20.2
при	pr	289.8
прибавить	v	16.4
прибегать	v	20.2
прибежать	v	26.5
приблизительно	adv	25.2
прибыль	s	13.9
привезти	v	255.8
привести	v	41.6
привет	s	541.8
приветик	s	42.8
прививка	s	11.3
привлекать	v	18.9
приводить	v	20.2
привозить	v	54.2
привыкать	v	20.2
привыкнуть	v	97.0
привычка	s	20.2
привязать	v	16.4
пригласить	v	52.9
приглашать	v	59.2
приглашение	s	27.7
пригодиться	v	34.0
приготовить	v	68.0
придумать	v	105.8
придумывать	v	21.4
придурок	s	29.0
приезжать	v	320.0
прием	s	51.7
приемник	s	11.3
приемный	a	13.9
приехать	v	813.9
признак	s	15.1
признать	v	10.1
прийти	v	1009.2
прийтись	v	172.6
приказ	s	15.1
приказать	v	11.3
прикалываться	v	15.1
прикинуть	v	187.7
приключение	s	11.3
прикол	s	46.6
прикольно	adv	128.5
прикольный	a	97.0
прилететь	v	17.6
прилично	adv	11.3
приличный	a	31.5
прима	s	11.3
пример	s	47.9
примерно	adv	100.8
принадлежать	v	11.3
принести	v	288.5
принимать	v	92.0
приносить	v	66.8
принтер	s	20.2
принцип	s	342.7
принять	v	75.6
приобрести	v	18.9
припереться	v	15.1
природа	s	39.1
присаживаться	v	11.3
присесть	v	12.6
прислать	v	81.9
присниться	v	26.5
приставать	v	17.6
приставной	a	16.4
пристать	v	11.3
приступ	s	21.4
присутствовать	v	17.6
присылать	v	16.4
притащить	v	16.4
притом	conj	23.9
приходить	v	561.9
приходиться	v	70.6
причем	conj	333.9
прическа	s	15.1
причина	s	42.8
пришить	v	13.9
приятель	s	13.9
приятельница	s	16.4
приятно	adv	58.0
приятный	a	105.8
про	pr	884.5
пробить	v	13.9
пробка	s	34.0
проблема	s	308.7
пробовать	v	86.9
провалиться	v	22.7
проверить	v	78.1
проверка	s	13.9
проверять	v	78.1
провести	v	61.7
провод	s	22.7
проводить	v	85.7
проводиться	v	15.1
провожать	v	26.5
проволока	s	10.1
проголодаться	v	10.1
программа	s	173.9
прогресс	s	13.9
прогулка	s	27.7
прогуляться	v	13.9
продавать	v	147.4
продаваться	v	54.2
продавец	s	323.8
продажа	s	29.0
продать	v	86.9
продлить	v	11.3
продолжать	v	84.4
продолжаться	v	20.2
продолжение	s	18.9
продолжить	v	10.1
продукт	s	41.6
продукция	s	18.9
проезд	s	32.8
проезжать	v	16.4
проект	s	25.2
проехать	v	31.5
прожить	v	40.3
проза	s	15.1
прозрачный	a	10.1
проиграть	v	21.4
произведение	s	22.7
произвести	v	10.1
производить	v	30.2
производство	s	35.3
произносить	v	20.2
произношение	s	18.9
произойти	v	61.7
происходить	v	66.8
пройти	v	375.5
прокуратура	s	18.9
пролететь	v	12.6
промотать	v	11.3
промоутер	s	11.3
пропадать	v	30.2
пропасть	v	63.0
прописать	v	25.2
пропуск	s	84.4
пропускать	v	31.5
пропустить	v	47.9
проработать	v	18.9
прорваться	v	11.3
просидеть	v	12.6
просить	v	184.0
прослушать	v	11.3
просмотр	s	10.1
просмотреть	v	11.3
проснуться	v	51.7
проспать	v	11.3
проспект	s	32.8
простить	v	88.2
просто	adv	148.7
просто	part	2519.8
простой	a	223.0
пространство	s	16.4
простудиться	v	11.3
просыпаться	v	31.5
просьба	s	30.2
протертый	a	13.9
против	adv	22.7
против	pr	49.1
противно	adv	11.3
противный	a	85.7
протирать	v	10.1
протокол	s	25.2
протягивать	v	26.5
проучиться	v	11.3
профессиональный	a	10.1
профессия	s	42.8
профессор	s	39.1
прохладно	adv	13.9
проход	s	10.1
проходить	v	209.2
проходной	a	11.3
процент	s	85.7
процесс	s	44.1
прочее	spro	176.4
прочесть	v	34.0
прочий	apro	21.4
прочитать	v	147.4
прошлое	s	21.4
прошлый	a	167.6
прощать	v	10.1
прощаться	v	11.3
проявлять	v	12.6
пруд	s	32.8
прыгать	v	50.4
прыгнуть	v	17.6
пряжка	s	12.6
прям	part	30.2
прямо	adv	311.2
прямо	part	763.5
прямой	a	58.0
психика	s	10.1
психолог	s	26.5
психологический	a	11.3
психология	s	11.3
птица	s	22.7
птичка	s	25.2
публика	s	13.9
пугать	v	22.7
пугаться	v	10.1
пугач	s	25.2
пуговица	s	26.5
пуд	s	11.3
пудель	s	10.1
пузо	s	10.1
пункт	s	30.2
пуск	s	10.1
пускай	part	61.7
пускать	v	69.3
пустить	v	60.5
пустой	a	47.9
пусть	conj	35.3
пусть	part	296.1
путать	v	17.6
путаться	v	12.6
путевка	s	27.7
путешествие	s	10.1
путный	a	10.1
путь	s	68.0
пушкинский	a	15.1
пыль	s	18.9
пытаться	v	144.9
пьеса	s	25.2
пьяный	a	40.3
пятерка	s	94.5
пятнадцатый	anum	15.1
пятнадцать	num	160.0
пятница	s	141.1
пятно	s	11.3
пятый	anum	186.5
пять	num	674.1
пятьдесят	num	281.0
пятьсот	num	46.6
работа	s	777.4
работать	v	1198.2
работник	s	25.2
рабочий	a	64.3
рабочий	s	26.5
раввин	s	11.3
равно	adv	94.5
равнодушный	a	11.3
равный	a	584.6
рад	a	71.8
ради	pr	64.3
радио	s	42.8
радовать	v	16.4
радоваться	v	27.7
радостный	a	15.1
радость	s	31.5
раз	adv	13.9
раз	conj	128.5
раз	s	1772.7
разбирать	v	44.1
разбираться	v	46.6
разбить	v	36.5
разбудить	v	25.2
разве	part	144.9
развернуться	v	11.3
развести	v	16.4
развестись	v	15.1
развиваться	v	18.9
развитие	s	39.1
разводить	v	30.2
разворачиваться	v	11.3
разглядывать	v	13.9
разговаривать	v	315.0
разговор	s	346.5
разговорный	a	40.3
раздавать	v	15.1
раздаваться	v	16.4
раздеваться	v	16.4
разделить	v	18.9
раздражать	v	18.9
разливать	v	11.3
различать	v	13.9
различный	a	16.4
разложить	v	20.2
разменять	v	10.1
размер	s	131.0
разница	s	119.7
разный	a	326.3
разобрать	v	46.6
разобраться	v	68.0
разогреть	v	10.1
разойтись	v	26.5
разорвать	v	13.9
разориться	v	10.1
разрезать	v	23.9
разрешать	v	32.8
разрешение	s	23.9
разрешить	v	35.3
разрыв	s	13.9
разумеется	adv	12.6
разумный	a	10.1
рай	s	16.4
район	s	121.0
рак	s	21.4
раковина	s	11.3
рамка	s	17.6
ранить	v	10.1
ранний	a	298.6
рано	adv	298.6
рапорт	s	11.3
раса	s	10.1
раскрыть	v	10.1
распечатать	v	23.9
расписание	s	51.7
расписать	v	11.3
расписаться	v	11.3
распустить	v	10.1
рассказ	s	55.4
рассказать	v	378.0
рассказывать	v	522.9
расслабиться	v	16.4
рассматривать	v	36.5
рассмотреть	v	11.3
расстаться	v	21.4
расстегнуть	v	10.1
расстояние	s	20.2
расстраиваться	v	13.9
расстроиться	v	25.2
рассуждать	v	12.6
рассчитать	v	16.4
рассчитывать	v	35.3
растаять	v	13.9
растеряться	v	15.1
расти	v	107.1
расчет	s	26.5
рвануть	v	12.6
рвать	v	30.2
рваться	v	25.2
реагировать	v	26.5
реакция	s	20.2
реал	s	12.6
реально	adv	99.5
реальный	a	63.0
ребенок	s	703.0
ребеночек	s	11.3
ребята	s	171.4
ребятишки	s	10.1
реветь	v	12.6
революция	s	45.4
регион	s	13.9
региональный	a	12.6
регистрация	s	10.1
регулярно	adv	27.7
редактор	s	10.1
редиска	s	16.4
редкий	a	15.1
редко	adv	74.3
режим	s	26.5
режиссер	s	17.6
резать	v	51.7
резерв	s	10.1
резина	s	17.6
резкий	a	10.1
резко	adv	21.4
резной	a	15.1
результат	s	42.8
река	s	31.5
реклама	s	70.6
рекламировать	v	10.1
рекламный	a	13.9
рекомендовать	v	12.6
ректор	s	27.7
ремень	s	20.2
ремонт	s	90.7
ремонтировать	v	12.6
репертуар	s	10.1
репетиция	s	22.7
реплика	s	177.7
ресторан	s	59.2
реферат	s	18.9
рецензия	s	18.9
рецепт	s	20.2
речка	s	17.6
речь	s	158.8
решать	v	61.7
решаться	v	10.1
решение	s	37.8
решить	v	361.6
решиться	v	16.4
ржать	v	30.2
рисковать	v	10.1
рисовать	v	63.0
рисунок	s	34.0
ровно	adv	22.7
ровный	a	10.1
рог	s	10.1
род	s	44.1
родина	s	12.6
родитель	s	209.2
родительский	a	16.4
родить	v	66.8
родиться	v	114.7
родной	a	45.4
родные	s	18.9
родня	s	15.1
родственник	s	75.6
родственница	s	10.1
рожа	s	32.8
рожать	v	18.9
рождение	s	123.5
рожденье	s	22.7
роза	s	37.8
розетка	s	11.3
розовый	a	50.4
ролик	s	15.1
роль	s	56.7
роман	s	63.0
романтик	s	12.6
романтичный	a	11.3
российский	a	25.2
рост	s	36.5
ростовский	a	11.3
рот	s	64.3
роуминг	s	12.6
рояль	s	10.1
рубашка	s	29.0
рубить	v	21.4
рубль	s	567.0
ругать	v	29.0
ругаться	v	60.5
рука	s	496.4
рукав	s	23.9
руководитель	s	23.9
рулон	s	12.6
руль	s	39.1
русский	a	225.5
русский	s	68.0
ручка	s	79.4
рыба	s	107.1
рыбка	s	22.7
рыбный	a	10.1
рыжий	a	32.8
рынок	s	95.8
рюмка	s	20.2
ряд	s	61.7
рядом	adv	234.3
с	pr	8469.2
сад	s	74.3
садик	s	30.2
садиться	v	176.4
садовый	a	11.3
сажать	v	50.4
сайт	s	64.3
салат	s	60.5
салатик	s	18.9
салон	s	17.6
сам	apro	1734.9
самовлюбленный	a	10.1
самокат	s	11.3
самолет	s	46.6
самостоятельный	a	15.1
самый	apro	1131.4
санаторий	s	17.6
сантиметр	s	47.9
сапог	s	47.9
сапожок	s	11.3
сарай	s	27.7
саратовский	a	15.1
сауна	s	12.6
сахар	s	86.9
сбегать	v	18.9
сбежать	v	13.9
сбить	v	17.6
сборка	s	13.9
сборник	s	23.9
сбросить	v	10.1
свадебный	a	15.1
свадьба	s	137.3
свалить	v	16.4
свалиться	v	12.6
сварить	v	47.9
свежий	a	56.7
свекла	s	12.6
свекровь	s	18.9
свернуть	v	15.1
сверху	adv	50.4
свести	v	16.4
свет	s	219.2
светить	v	12.6
светленький	a	15.1
светло	adv	11.3
светлый	a	61.7
светофор	s	12.6
свеча	s	11.3
свечка	s	21.4
свидание	s	89.5
свиданье	s	15.1
свидетель	s	20.2
свидетельство	s	15.1
свинья	s	27.7
свитер	s	13.9
свобода	s	12.6
свободно	adv	17.6
свободный	a	89.5
сводить	v	20.2
свое	spro	21.4
своеобразный	a	10.1
свой	apro	1375.8
сволочь	s	49.1
связанный	a	44.1
связать	v	34.0
связаться	v	21.4
связываться	v	22.7
связь	s	75.6
святой	a	23.9
священник	s	13.9
сгонять	v	10.1
сгореть	v	20.2
сдавать	v	223.0
сдать	v	259.5
сдаться	v	10.1
сдача	s	29.0
сделать	v	1198.2
сдохнуть	v	21.4
се	part	13.9
се	spro	29.0
сеанс	s	16.4
себе	part	103.3
себя	spro	1409.9
север	s	20.2
северный	a	13.9
сегодня	adv	1151.6
сегодняшний	a	29.0
седой	a	10.1
седьмой	anum	129.8
сезон	s	20.2
сей	apro	147.4
сейчас	advpro	3473.7
секрет	s	17.6
секретарь	s	22.7
секс	s	37.8
секунда	s	60.5
секция	s	11.3
селедка	s	27.7
село	s	10.1
сельскохозяйственный	a	10.1
семейный	a	37.8
семейство	s	10.1
семестр	s	18.9
семечко	s	20.2
семидесятый	anum	10.1
семинар	s	54.2
семнадцатый	anum	29.0
семнадцать	num	31.5
семь	num	311.2
семьдесят	num	84.4
семьсот	num	18.9
семья	s	214.2
сено	s	13.9
сентябрь	s	64.3
сервис	s	16.4
сердце	s	71.8
серебряный	a	13.9
середина	s	30.2
сережка	s	36.5
серенький	a	15.1
сериал	s	18.9
серия	s	50.4
серпантин	s	10.1
серый	a	69.3
серьезно	adv	107.1
серьезный	a	75.6
сессия	s	90.7
сестра	s	212.9
сесть	v	231.8
сетка	s	17.6
сеть	s	20.2
сжечь	v	12.6
сзади	adv	47.9
сигарета	s	55.4
сигнализация	s	27.7
сидение	s	11.3
сиденье	s	13.9
сидеть	v	1088.6
сила	s	127.3
сильно	adv	114.7
сильный	a	124.7
симпатичный	a	42.8
синий	a	75.6
синяк	s	13.9
сирота	s	10.1
система	s	80.6
ситуация	s	90.7
скажем	adv	60.5
сказать	v	3098.1
сказка	s	60.5
скакать	v	23.9
скала	s	13.9
скандал	s	16.4
сканер	s	11.3
сканировать	v	15.1
скачать	v	26.5
сквозь	pr	11.3
скидка	s	25.2
скидывать	v	15.1
скинуть	v	35.3
склад	s	35.3
складывать	v	18.9
складываться	v	12.6
склероз	s	17.6
скоба	s	12.6
сковородка	s	31.5
сколько	advpro	142.4
сколько	num	1074.7
сколько-то	advpro	20.2
скоро	adv	234.3
скорость	s	40.3
скорый	a	177.7
скотина	s	15.1
скромный	a	15.1
скрывать	v	12.6
скрыться	v	11.3
скучать	v	27.7
скучно	adv	44.1
скучный	a	13.9
слабо	adv	11.3
слабый	a	29.0
слава	s	114.7
сладкий	a	54.2
сладкое	s	12.6
слева	adv	22.7
слегка	adv	16.4
след	s	20.2
следить	v	25.2
следователь	s	16.4
следовать	v	44.1
следующий	a	297.3
слеза	s	26.5
слепой	a	11.3
слетать	v	12.6
сливки	s	11.3
сливочный	a	15.1
слить	v	13.9
слишком	adv	94.5
словарь	s	20.2
слово	s	549.3
сложить	v	18.9
сложиться	v	27.7
сложно	adv	52.9
сложность	s	15.1
сложный	a	73.1
слой	s	15.1
сломать	v	50.4
сломаться	v	27.7
служба	s	26.5
служебный	a	12.6
служить	v	36.5
слух	s	36.5
случай	s	299.9
случайно	adv	63.0
случиться	v	107.1
слушать	v	873.1
слушаться	v	15.1
слышать	v	414.5
слышно	adv	45.4
слышный	a	11.3
слышь	adv	30.2
смелый	a	12.6
смена	s	39.1
сменить	v	21.4
смерть	s	52.9
смесь	s	12.6
сметана	s	31.5
сметать	v	10.1
сметь	v	11.3
смех	s	878.2
смешно	adv	69.3
смешной	a	75.6
смеяться	v	652.6
смородина	s	16.4
смотреть	v	1540.9
смотреться	v	39.1
смочь	v	209.2
смысл	s	357.8
сначала	adv	336.4
снег	s	58.0
снести	v	23.9
снизу	adv	13.9
сникерс	s	36.5
снимать	v	144.9
сниматься	v	27.7
сниться	v	42.8
снова	adv	88.2
сносить	v	11.3
снять	v	166.3
сняться	v	12.6
со	pr	917.2
собака	s	195.3
собачий	a	18.9
собачка	s	22.7
собеседование	s	18.9
собирать	v	122.2
собираться	v	367.9
соблюдать	v	11.3
собор	s	13.9
собрание	s	36.5
собрать	v	104.6
собраться	v	138.6
собственник	s	15.1
собственно	adv	76.9
собственность	s	12.6
собственный	a	41.6
событие	s	32.8
совершенно	adv	419.6
совесть	s	15.1
совет	s	46.6
советовать	v	25.2
советский	a	84.4
совпадение	s	11.3
современный	a	42.8
совсем	adv	495.2
согласиться	v	64.3
согласный	a	81.9
соглашаться	v	16.4
сода	s	10.1
содержание	s	21.4
содержать	v	22.7
сожаление	s	40.3
созваниваться	v	10.1
созвониться	v	35.3
создавать	v	10.1
создаваться	v	18.9
создать	v	25.2
сознание	s	21.4
сойти	v	74.3
сойтись	v	11.3
сок	s	44.1
сокол	s	12.6
солдат	s	23.9
соленый	a	30.2
солнечный	a	12.6
солнце	s	63.0
солнышко	s	23.9
соль	s	48.6
солянка	s	12.6
сомневаться	v	37.8
сон	s	128.5
соображать	v	21.4
сообразить	v	22.7
сообщение	s	12.6
сообщить	v	20.2
соответственно	adv	50.4
соответствовать	v	12.6
соответствующий	a	11.3
сопротивляться	v	10.1
сорвать	v	17.6
соревнование	s	16.4
сорок	num	265.8
сорт	s	18.9
сосать	v	20.2
сосед	s	75.6
соседка	s	52.9
соседний	a	46.6
соска	s	12.6
соскучиться	v	34.0
сосна	s	21.4
сосок	s	10.1
состав	s	13.9
составить	v	18.9
составлять	v	21.4
состояние	s	95.8
сотка	s	12.6
сотня	s	23.9
сотовый	a	35.3
сотрудник	s	15.1
соус	s	27.7
сохранить	v	23.9
сохраниться	v	26.5
сохранять	v	10.1
социальный	a	10.1
сочетание	s	15.1
сочинение	s	49.1
сочинять	v	10.1
союз	s	30.2
спальня	s	18.9
спасибо	adv	288.5
спасибо	part	128.5
спасибо	s	76.9
спасти	v	29.0
спать	v	461.1
спектакль	s	68.0
спекулянт	s	11.3
сперва	adv	20.2
спеть	v	22.7
специалист	s	32.8
специально	adv	89.5
специальность	s	30.2
специальный	a	63.0
спецкурс	s	10.1
спешить	v	20.2
спина	s	70.6
спирт	s	35.3
спиртное	s	10.1
списать	v	25.2
список	s	37.8
списывать	v	15.1
сплошной	a	35.3
спокойно	adv	81.9
спокойный	a	80.6
спор	s	12.6
спорить	v	42.8
спорт	s	34.0
спортивный	a	23.9
способ	s	40.3
способность	s	23.9
способный	a	17.6
справа	adv	21.4
справиться	v	15.1
справка	s	69.3
спрашивать	v	342.7
спросить	v	335.1
спрятать	v	16.4
спускаться	v	29.0
спуститься	v	21.4
сработать	v	11.3
сравнение	s	35.3
сравнивать	v	27.7
сравнить	v	18.9
сразу	adv	590.9
среда	s	88.2
среди	pr	30.2
средне	adv	10.1
средний	a	75.6
средство	s	26.5
срезать	v	12.6
срок	s	37.8
срочно	adv	50.4
срывать	v	10.1
ссориться	v	16.4
ставить	v	212.9
ставиться	v	18.9
стадион	s	10.1
стакан	s	69.3
стаканчик	s	37.8
сталкиваться	v	12.6
стандартный	a	30.2
становиться	v	63.0
станция	s	37.8
стараться	v	89.5
старик	s	20.2
старинный	a	26.5
старость	s	25.2
старуха	s	13.9
старушка	s	16.4
старший	a	113.4
старый	a	318.8
старье	s	10.1
статус	s	11.3
стать	s	12.6
стать	v	709.3
статья	s	68.0
стационар	s	17.6
стекло	s	64.3
стеклянный	a	21.4
стена	s	78.1
стенка	s	39.1
степень	s	34.0
стереотип	s	12.6
стереть	v	15.1
стесняться	v	21.4
стиль	s	42.8
стипендия	s	40.3
стиральный	a	13.9
стирать	v	52.9
стирка	s	12.6
стих	s	15.1
стихи	s	83.2
стихотворение	s	23.9
сто	num	308.7
стоимость	s	30.2
стоить	v	946.2
стол	s	303.6
столб	s	30.2
столик	s	40.3
столица	s	11.3
столкнуться	v	16.4
столовая	s	45.4
столовка	s	13.9
столовый	a	22.7
столько	advpro	80.6
столько	num	202.9
столько-то	advpro	13.9
стоп	intj	16.4
сторона	s	379.2
стоянка	s	10.1
стоять	v	236.9
страдание	s	10.1
страдать	v	31.5
страна	s	86.9
страница	s	60.5
страничка	s	13.9
странно	adv	93.2
странный	a	85.7
страсть	s	15.1
стратегия	s	10.1
страх	s	20.2
страховка	s	12.6
страховой	a	12.6
страшно	adv	138.6
страшный	a	148.7
стрелка	s	16.4
стрелочка	s	13.9
стрелять	v	27.7
стремиться	v	10.1
стрижка	s	17.6
стричь	v	10.1
строгий	a	25.2
строго	adv	18.9
строительство	s	12.6
строить	v	65.5
строиться	v	10.1
стройка	s	11.3
строчка	s	20.2
структура	s	11.3
студент	s	122.2
студентка	s	15.1
студенческий	a	25.2
студия	s	27.7
стук	s	21.4
стул	s	81.9
ступенька	s	22.7
стучать	v	16.4
стыдно	adv	51.7
суббота	s	182.7
суд	s	30.2
судить	v	32.8
судьба	s	39.1
судья	s	30.2
сука	s	35.3
сумасшедший	a	22.7
суметь	v	11.3
сумка	s	137.3
сумма	s	31.5
сумочка	s	13.9
сунуть	v	21.4
суп	s	100.8
супер	a	18.9
супер	adv	20.2
суперский	a	10.1
супчик	s	13.9
сутки	s	55.4
суть	s	41.6
сухарь	s	12.6
сухой	a	22.7
существо	s	22.7
существование	s	10.1
существовать	v	44.1
сфотографировать	v	15.1
схватить	v	18.9
схема	s	16.4
сходить	v	374.2
сцена	s	56.7
счастливо	adv	31.5
счастливый	a	61.7
счастье	s	35.3
счет	s	105.8
счетчик	s	16.4
считать	v	338.9
считаться	v	50.4
сшибить	v	10.1
сшить	v	29.0
съедать	v	16.4
съезд	s	16.4
съездить	v	143.6
съесть	v	153.7
сыграть	v	45.4
сын	s	199.1
сыпать	v	11.3
сыр	s	69.3
сырный	a	10.1
сырой	a	17.6
сюда	advpro	452.3
сюжет	s	27.7
таблетка	s	30.2
тазик	s	11.3
тайга	s	10.1
тайм	s	10.1
так	advpro	8528.4
также	adv	59.2
таки	part	27.7
такой	apro	6968.6
такой-то	apro	89.5
такси	s	29.0
так-то	advpro	46.6
талант	s	11.3
талантливый	a	10.1
талон	s	18.9
там	advpro	10531.7
там	part	439.7
там-то	advpro	26.5
танец	s	63.0
танк	s	13.9
танцевать	v	60.5
тапка	s	13.9
тапочка	s	21.4
таракан	s	23.9
тарелка	s	40.3
тариф	s	23.9
таскать	v	40.3
татарин	s	20.2
тащить	v	32.8
тащиться	v	18.9
твердый	a	16.4
тверской	a	22.7
твой	apro	566.3
творить	v	11.3
твориться	v	26.5
творог	s	32.8
творчество	s	13.9
театр	s	207.9
театральный	a	26.5
текст	s	66.8
телевидение	s	22.7
телевизор	s	113.4
телеграмма	s	36.5
телефон	s	417.0
телефонный	a	94.5
телик	s	15.1
тело	s	30.2
тем	conj	11.3
тема	s	238.1
темно	adv	32.8
темнота	s	23.9
темный	a	81.9
темп	s	16.4
температура	s	75.6
тень	s	22.7
теоретический	a	10.1
теория	s	40.3
теперь	advpro	864.3
тепло	adv	47.9
тепло	s	11.3
теплый	a	74.3
тереть	v	10.1
термин	s	12.6
термос	s	10.1
терпение	s	15.1
терпеть	v	55.4
терраса	s	13.9
терраска	s	10.1
территория	s	30.2
терять	v	23.9
тест	s	20.2
тесто	s	17.6
тетка	s	55.4
тетрадка	s	18.9
тетрадь	s	42.8
тетушка	s	16.4
тетя	s	204.1
техник	s	15.1
техника	s	40.3
техникум	s	12.6
технический	a	45.4
технология	s	10.1
течение	s	45.4
течь	v	21.4
тип	s	519.1
типа	part	95.8
типа	pr	15.1
типичный	a	15.1
тихий	a	64.3
тихо	adv	117.2
тишина	s	18.9
ткань	s	36.5
то	conj	762.3
то	part	141.1
то	spro	4056.9
товар	s	69.3
товарищ	s	68.0
тогда	advpro	1472.8
тоже	adv	2711.3
ток	s	10.1
толк	s	51.7
толкать	v	17.6
толкаться	v	12.6
толком	adv	27.7
толпа	s	35.3
толстый	a	66.8
только	conj	80.6
только	part	2672.3
том	s	23.9
тон	s	16.4
тоненький	a	13.9
тонкий	a	39.1
топать	v	12.6
топить	v	20.2
торговать	v	31.5
торговля	s	22.7
торговый	a	20.2
тормоз	s	20.2
тормозить	v	21.4
торопиться	v	25.2
торт	s	46.6
тортик	s	10.1
торчать	v	46.6
тоска	s	10.1
тост	s	17.6
тот	apro	1614.0
то-то	part	11.3
то-то	spro	11.3
тот-то	apro	61.7
точка	s	78.1
точно	adv	364.1
точно	conj	13.9
точно	part	54.2
точный	a	126.0
трава	s	61.7
травить	v	17.6
травка	s	10.1
трагедия	s	13.9
традиция	s	20.2
трактор	s	11.3
трамвай	s	60.5
транспорт	s	21.4
тратить	v	49.1
требовать	v	45.4
требоваться	v	13.9
тренер	s	11.3
тренинг	s	10.1
тренировка	s	22.7
трепаться	v	12.6
третий	anum	340.2
треть	s	10.1
третья	s	21.4
треугольник	s	23.9
треугольный	a	10.1
трехлитровый	a	15.1
три	num	971.4
тридцатый	anum	25.2
тридцать	num	297.3
тринадцатый	anum	22.7
тринадцать	num	49.1
триста	num	93.2
трогать	v	34.0
трое	num	37.8
троица	s	12.6
тройка	s	51.7
троллейбус	s	27.7
тронуть	v	11.3
троюродный	a	23.9
труба	s	54.2
трубка	s	76.9
трубочка	s	17.6
труд	s	50.4
трудно	adv	163.8
трудность	s	10.1
трудный	a	40.3
трудовой	a	10.1
трусы	s	15.1
тряпка	s	22.7
трястись	v	11.3
туалет	s	84.4
туберкулез	s	10.1
туда	advpro	970.1
туда-обратно	adv	10.1
туда-сюда	advpro	35.3
тумба	s	36.5
тумбочка	s	21.4
тупо	adv	15.1
тупой	a	35.3
турецкий	a	15.1
турникет	s	10.1
тусоваться	v	15.1
тусовка	s	12.6
тут	advpro	1853.3
туфля	s	47.9
тушить	v	11.3
ты	spro	13503.8
тыкать	v	11.3
тысяча	s	349.0
тьфу	intj	21.4
тюль	s	10.1
тяжело	adv	119.7
тяжелый	a	107.1
тянуть	v	60.5
тянуться	v	19.3
у	pr	11807.9
убегать	v	22.7
убежать	v	40.3
убивать	v	31.5
убийство	s	11.3
убирать	v	83.2
убираться	v	18.9
убить	v	118.4
уборка	s	11.3
убрать	v	112.1
убраться	v	15.1
уважать	v	22.7
увезти	v	26.5
увеличивать	v	10.1
увеличить	v	11.3
уверенный	a	81.9
увидеть	v	234.3
увидеться	v	23.9
увлекаться	v	23.9
уволить	v	18.9
угадать	v	29.0
угловой	a	11.3
угнать	v	12.6
уговаривать	v	21.4
уговорить	v	13.9
угодить	v	10.1
угодно	adv	17.6
угодно	part	23.9
угодный	a	16.4
угол	s	88.2
уголовный	a	13.9
угорать	v	18.9
угостить	v	13.9
угощать	v	16.4
угу	intj	2068.8
удалить	v	31.5
удар	s	12.6
ударить	v	16.4
удаться	v	30.2
удача	s	32.8
удачно	adv	21.4
удачный	a	16.4
удивительно	adv	15.1
удивительный	a	17.6
удивить	v	21.4
удивиться	v	30.2
удивление	s	13.9
удивляться	v	35.3
удобно	adv	66.8
удобный	a	42.8
удовлетворить	v	10.1
удовольствие	s	84.4
уезжать	v	180.2
уехать	v	296.1
уж	adv	216.7
уж	part	723.2
ужас	s	181.4
ужасно	adv	84.4
ужасный	a	132.3
уже	adv	3844.0
ужин	s	23.9
ужинать	v	25.2
узбек	s	16.4
узкий	a	22.7
узнавать	v	123.5
узнать	v	199.1
уйти	v	413.3
указать	v	17.6
указывать	v	50.4
укладывать	v	26.5
укладываться	v	11.3
укол	s	12.6
украсть	v	20.2
украшение	s	18.9
уксус	s	21.4
укусить	v	12.6
улететь	v	13.9
улица	s	289.8
уложить	v	23.9
улыбаться	v	58.0
улыбка	s	22.7
ум	s	126.0
умереть	v	230.6
уметь	v	259.5
умирать	v	54.2
умница	s	18.9
умничка	s	12.6
умный	a	123.5
умолять	v	15.1
умываться	v	15.1
умыться	v	15.1
унести	v	29.0
универ	s	75.6
университет	s	84.4
унитаз	s	17.6
упаковать	v	10.1
упаковка	s	13.9
упасть	v	117.2
упираться	v	10.1
употреблять	v	12.6
управление	s	18.9
упражнение	s	15.1
ура	intj	13.9
урка	s	10.1
уровень	s	74.3
урод	s	29.0
урок	s	200.3
уронить	v	13.9
ус	s	10.1
условие	s	65.5
услышать	v	42.8
уснуть	v	18.9
успевать	v	63.0
успеть	v	221.8
успех	s	17.6
успокоиться	v	50.4
уставать	v	10.1
устанавливать	v	20.2
установить	v	34.0
установка	s	25.2
устать	v	102.1
устраивать	v	63.0
устраиваться	v	20.2
устроить	v	66.8
устроиться	v	54.2
устройство	s	15.1
уступать	v	10.1
утилизировать	v	20.2
уточнить	v	16.4
утренний	a	15.1
утро	s	485.7
у-у	intj	29.0
у-у-у	intj	29.0
ух	intj	41.6
уха	s	12.6
ухаживать	v	21.4
ухо	s	102.1
уход	s	11.3
уходить	v	252.0
участвовать	v	27.7
участие	s	22.7
участник	s	13.9
участок	s	59.2
учеба	s	68.0
учебник	s	55.4
учебный	a	25.2
ученик	s	36.5
ученый	s	15.1
учесть	v	20.2
училище	s	60.5
учитель	s	98.3
учительница	s	41.6
учитывать	v	10.1
учить	v	248.2
учиться	v	544.3
ушко	s	18.9
ущелье	s	10.1
фабрика	s	44.1
файл	s	31.5
факс	s	13.9
факт	s	64.3
фактически	adv	21.4
факультет	s	46.6
фамилия	s	127.3
фанат	s	15.1
фантастика	s	15.1
фантастический	a	12.6
фара	s	10.1
фаршированный	a	17.6
фасон	s	16.4
февраль	s	46.6
фестиваль	s	10.1
фи	intj	12.6
фиг	s	113.4
фига	s	110.9
фигня	s	94.5
фигура	s	22.7
физика	s	55.4
физиономия	s	11.3
физический	a	13.9
физкультура	s	17.6
филиал	s	15.1
филолог	s	16.4
философ	s	11.3
философия	s	31.5
философский	a	15.1
филфак	s	13.9
фильм	s	315.0
фильтр	s	10.1
финансовый	a	12.6
финн	s	21.4
финский	a	16.4
фирма	s	54.2
фишка	s	16.4
флаг	s	12.6
фокус	s	15.1
фон	s	29.0
форма	s	76.9
формат	s	15.1
форточка	s	15.1
форум	s	21.4
фотка	s	75.6
фотоаппарат	s	16.4
фотографировать	v	30.2
фотографироваться	v	12.6
фотография	s	214.2
фраза	s	60.5
француз	s	17.6
французский	a	93.2
фронт	s	26.5
фрукт	s	23.9
фруктовый	a	12.6
фу	intj	59.2
функция	s	18.9
футбол	s	39.1
футболка	s	15.1
ха	intj	148.7
халат	s	18.9
характер	s	45.4
характеристика	s	18.9
ха-ха	intj	107.1
ха-ха-ха	intj	75.6
хвалить	v	20.2
хватать	v	115.9
хватить	v	296.1
хвост	s	27.7
хвостик	s	10.1
хе	intj	15.1
хер	s	42.8
херня	s	13.9
хех	intj	12.6
хе-хе	intj	17.6
химический	a	12.6
химия	s	16.4
хирург	s	25.2
хитрый	a	23.9
хлеб	s	180.2
хлебушек	s	10.1
хлопать	v	15.1
хм	intj	85.7
хо	intj	12.6
ход	s	52.9
ходить	v	1254.9
хозяин	s	52.9
хозяйка	s	42.8
хозяйственный	a	16.4
хозяйство	s	12.6
хоккей	s	25.2
холод	s	21.4
холодильник	s	76.9
холодно	adv	112.1
холодный	a	107.1
хоп	adv	12.6
хор	s	11.3
хоронить	v	11.3
хорошенький	a	30.2
хороший	a	1195.7
хорошо	adv	1259.9
хорошо	part	172.6
хотеть	v	2516.1
хотеться	v	287.3
хоть	conj	83.2
хоть	part	434.7
хотя	conj	297.3
хотя	part	160.0
хохот	s	10.1
хохотать	v	12.6
храбрый	a	10.1
храм	s	27.7
храниться	v	11.3
хрен	s	158.8
хреновый	a	27.7
хрень	s	22.7
худенький	a	20.2
худеть	v	11.3
художественный	a	32.8
художник	s	21.4
худой	a	26.5
..уй	s	94.5
..уйня	s	12.6
хулиган	s	11.3
царь	s	11.3
цвести	v	11.3
цвет	s	197.8
цветной	a	13.9
цветок	s	97.0
цветочек	s	30.2
целиком	adv	18.9
целовать	v	44.1
целоваться	v	16.4
целое	s	11.3
целый	a	268.4
цель	s	35.3
цена	s	141.1
ценить	v	11.3
центр	s	146.2
центральный	a	25.2
цепляться	v	12.6
цепочка	s	13.9
цепь	s	20.2
церковь	s	73.1
цех	s	16.4
цивилизация	s	13.9
цирк	s	18.9
цитировать	v	18.9
цифра	s	27.7
чаек	s	22.7
чай	s	307.4
чайка	s	16.4
чайник	s	58.0
чайный	a	11.3
час	s	716.9
часик	s	30.2
частный	a	40.3
часто	adv	148.7
частый	a	50.4
часть	s	180.2
часы	s	52.9
чашка	s	42.8
че	advpro	31.5
че	spro	21.4
чего	advpro	267.1
чего-то	advpro	45.4
чего-то	spro	13.9
чего-чего	adv	10.1
чей	apro	61.7
чей-то	apro	11.3
чек	s	20.2
челка	s	10.1
чело	s	10.1
человек	s	1597.6
человечек	s	20.2
человеческий	a	20.2
человечество	s	11.3
челюсть	s	11.3
чем	conj	527.9
чемодан	s	30.2
чемпион	s	13.9
чемпионат	s	20.2
чердак	s	11.3
через	pr	580.8
черная	s	16.4
черненький	a	17.6
черника	s	12.6
черный	a	241.9
черт	s	112.1
черта	s	21.4
чертеж	s	10.1
чертов	a	10.1
черт-т	part	11.3
чесать	v	12.6
чесаться	v	16.4
чеснок	s	11.3
честно	adv	117.2
честный	a	25.2
честь	s	27.7
четверг	s	71.8
четверка	s	63.0
четверо	num	27.7
четвертая	s	15.1
четвертый	anum	182.7
четверть	s	16.4
четкий	a	10.1
четко	adv	30.2
четыре	num	485.1
четыреста	num	34.0
четырнадцатый	anum	20.2
четырнадцать	num	36.5
число	s	119.7
чистить	v	49.1
чистка	s	20.2
чисто	adv	85.7
чистый	a	124.7
читать	v	705.6
чихать	v	12.6
чкаловский	a	13.9
член	s	16.4
чо	spro	27.7
чтение	s	21.4
что	advpro	565.7
что	conj	8983.2
что	spro	9167.2
чтоб	conj	606.0
чтобы	conj	931.1
что-нибудь	spro	506.5
что-нить	spro	23.9
что-то	advpro	39.1
что-то	spro	1871.0
чувак	s	94.5
чувство	s	42.8
чувствовать	v	211.7
чувствоваться	v	29.0
чудесный	a	36.5
чудный	a	13.9
чужой	a	50.4
чулок	s	12.6
чурка	s	10.1
чуткий	a	10.1
чуть	adv	167.6
чуть-чуть	adv	119.7
чушь	s	21.4
чуять	v	11.3
шаг	s	25.2
шаман	s	11.3
шампанское	s	54.2
шампунь	s	15.1
шанс	s	11.3
шапка	s	47.9
шапочка	s	26.5
шар	s	18.9
шарик	s	12.6
шарф	s	11.3
шастать	v	10.1
шахматы	s	11.3
шашка	s	10.1
шашлык	s	37.8
шейпинг	s	10.1
шерсть	s	18.9
шерстяной	a	10.1
шестнадцатый	anum	16.4
шестнадцать	num	50.4
шестой	anum	121.0
шесть	num	288.5
шестьдесят	num	172.6
шестьсот	num	30.2
шея	s	51.7
шикарно	adv	10.1
шикарный	a	20.2
ширина	s	17.6
широкий	a	36.5
шить	v	78.1
шкаф	s	65.5
школа	s	464.9
школьник	s	11.3
школьный	a	27.7
шкура	s	12.6
шкурка	s	12.6
шляпа	s	35.3
шляться	v	11.3
шов	s	13.9
шок	s	50.4
шоколад	s	51.7
шоколадка	s	32.8
шоколадный	a	18.9
шоссе	s	27.7
шоу	s	23.9
шофер	s	25.2
штамп	s	13.9
штанишки	s	10.1
штаны	s	51.7
штора	s	23.9
штраф	s	13.9
штука	s	223.0
штучка	s	51.7
шуба	s	25.2
шум	s	94.5
шуметь	v	12.6
шутить	v	31.5
шутка	s	49.1
шутливо	adv	16.4
шутливый	a	10.1
щас	adv	35.3
щенок	s	16.4
щетка	s	11.3
щи	s	18.9
щука	s	16.4
э	intj	815.2
эй	intj	20.2
экзамен	s	233.1
экономика	s	16.4
экономист	s	15.1
экономить	v	12.6
экономический	a	11.3
экран	s	26.5
экскурсия	s	30.2
электрический	a	12.6
электричество	s	23.9
электричка	s	20.2
электрокардиограмма	s	10.1
электронный	a	29.0
элемент	s	12.6
элементарный	a	13.9
эмоционально	adv	11.3
эмоциональный	a	10.1
эмоция	s	12.6
энергия	s	16.4
эпоха	s	13.9
эра	s	167.6
эскимо	s	11.3
эт	part	20.2
этаж	s	115.9
этап	s	12.6
это	part	1956.7
это	spro	11820.5
этот	apro	6382.7
эффект	s	15.1
эх	intj	64.3
ээ	intj	30.2
э-э	intj	711.9
эээ	intj	34.0
э-э-э	intj	89.5
юбилей	s	18.9
юбка	s	47.9
юг	s	16.4
юмор	s	12.6
юность	s	11.3
юный	a	10.1
юр	s	10.1
юридический	a	10.1
юрист	s	12.6
я	spro	33686.4
яблоко	s	85.7
яблочко	s	11.3
явление	s	23.9
являться	v	23.9
явно	adv	22.7
ягода	s	36.5
ядовитый	a	11.3
язык	s	278.4
языковой	a	18.9
языкознание	s	17.6
яичко	s	12.6
яйцо	s	75.6
якобы	part	12.6
яма	s	17.6
январь	s	29.0
японец	s	13.9
японский	a	18.9
яркий	a	29.0
ярко	adv	17.6
ясненький	a	16.4
ясно	adv	195.3
ясный	a	54.2
ящик	s	44.1
